customer_name,customer_phone,agent_name,agent_phone
"Nickie Peris",717-338-4330,"Tamera Bungey",407-651-7942
"Edee Kerslake",765-122-4960,"Orren Stivani",769-869-0764
"Marchall Garroway",582-825-9707,"Amalee Kilius",839-556-8531
"Sancho Birchner",470-892-1679,"Sherwood Lacroix",896-442-5196
"Jen Dight",937-982-7476,"Joshua Beecker",275-577-0360
"Boothe Fehner",747-563-9124,"Fanchette Beechcraft",403-687-8440
"Rheba McJarrow",861-720-3866,"Zeb Tenaunt",803-896-3881
"Stafford Blade",347-813-9337,"Miller De Caroli",913-932-5794
"Morley Kerrey",218-857-3572,"Alethea Ealden",274-288-2429
"Tremain Slateford",337-836-3286,"Hunfredo Acarson",315-448-0635
"Enrika Wilber",340-354-1402,"Moira McGlew",465-264-6063
"Sapphira Funnell",785-308-4747,"Rebecca Redihalgh",728-251-0737
"Harcourt Tuohy",901-962-0045,"Judye Relfe",549-752-8398
"Reinold Cheel",323-961-6314,"Araldo Tracey",500-551-7556
"Tessi Ripley",727-599-3770,"Maia Jentin",965-649-7134
"Maighdiln Symmons",743-389-6988,"Christean Petel",502-569-3985
"Gabbie Jiggen",766-801-7000,"Claiborn Olennikov",829-626-4524
"Larisa Janousek",192-229-6041,"Beitris Avon",453-443-8348
"Mady Bogays",373-946-0846,"Kenyon Fisk",939-923-2765
"Joelle Stoyles",923-716-9312,"Pryce Chaunce",860-351-8536
"Candy Stanfield",817-733-3027,"Lina Kincey",716-501-1458
"Jobyna Feldon",406-750-9849,"Jonie Harrower",146-252-8117
"Alameda Carous",853-394-1509,"Cyb Van Velden",100-137-8529
"Carmon Pickthall",254-178-4549,"Regan Chieze",130-262-2523
"Cindie Hassewell",775-154-8043,"Elsey Bedlington",373-454-6123
"Rurik Gourlie",108-419-8290,"Verine Dennert",571-586-4454
"Roth Sives",547-875-0202,"George Warrender",551-747-5107
"Denys Muncaster",547-254-5995,"Rachelle Cradock",895-969-8850
"Ken Greetland",424-731-2931,"Amerigo Blainey",482-615-4746
"Sandy Warrior",546-798-4607,"Jayme Yellowlee",415-740-9055
"Isabel Piddlesden",325-978-6643,"Donnell Northcott",110-193-3557
"Rona Middlemass",541-348-3798,"Wilfred Bernardotti",291-827-0277
"Katine Krelle",289-678-7823,"Brian Petyt",468-813-9429
"Teresa Dies",510-536-7407,"Ruggiero Simmonett",941-566-7709
"Sven Hanwell",382-283-1781,"Renelle Malthus",487-624-4819
"Sonya Rabjohn",405-343-2410,"Nikola McLaughlan",466-108-1912
"Traver Andreini",560-461-5812,"Franklyn Edelheid",216-826-0519
"Wrennie Arnely",699-508-9623,"Fidel Abrashkov",833-190-4943
"Augustin Sudlow",401-384-4991,"Teador Votier",201-994-6853
"Joaquin Brager",639-858-3369,"Vally Beelby",736-226-6343
"Dolores Bartolomeoni",469-150-7982,"Pippy Leckie",863-520-9036
"Neville Layzell",519-293-6973,"Amie Rawstorne",982-193-6641
"Bobbee Milburne",667-613-0231,"Jenda Linsley",815-194-6176
"Gifford Gueny",603-877-4810,"Janey Stuchbery",835-939-1921
"Shea Grimestone",329-639-0436,"Joe Satteford",892-748-3911
"Dan Blackbrough",456-250-2205,"Crista Southerill",473-845-3104
"Benjamen Flagg",973-924-9689,"Rhetta Walton",114-967-8271
"Sal Triswell",500-825-2693,"Janean Dudding",719-587-7941
"Em Neve",808-401-2372,"Irwin Prahm",694-567-7046
"Lane Graalmans",471-761-0090,"Eustacia Fain",579-906-5882
"Hilario Klement",910-968-9182,"Nell Lomb",413-991-5857
"Lucila Stollenhof",919-225-0372,"Cullen Corrie",398-240-3741
"Violet McErlaine",786-730-4085,"Gracia Murt",236-502-5213
"Clarisse Escalante",982-617-6390,"Holmes Overthrow",271-855-6761
"Eleen Horsley",861-471-3399,"Lynnelle Guice",584-893-2247
"Elysha Swarbrigg",127-805-0623,"Evelina Garmon",449-161-0132
"Liz Dewhirst",880-281-0656,"Conny Janauschek",268-754-7368
"Ryun Itzik",417-374-0623,"Meade Sturmey",416-987-7894
"Allin Altimas",708-660-0271,"Georgia Cesco",339-712-1882
"Netta Muzzini",519-362-4347,"Maddy Parman",226-304-3842
"Seana Olver",571-453-0166,"Norma Hanmore",719-524-3287
"Shina Carslake",383-314-4449,"Fedora McGarahan",106-502-6962
"Calhoun Badini",796-355-0692,"Milissent Kopp",352-289-6988
"Rowe Jacobssen",773-572-3258,"Carie Mainston",976-919-5502
"Tally Bleasby",810-800-2133,"Bria Sebley",617-390-9298
"Tabatha Prodrick",949-736-4080,"Wilfred Harcus",139-159-0377
"Madelle Rozenzweig",693-576-1614,"Ring Bowlesworth",748-561-7695
"Dud Kardos",191-732-9991,"Fred Simonaitis",466-944-1167
"Hana Catcheside",931-683-8700,"Sid Potes",974-136-6278
"Cymbre Pina",594-416-6118,"Jinny Janouch",792-459-4141
"Evy Minchell",562-930-8952,"Zed Valde",217-658-4235
"Rodd Goor",941-822-4633,"Hali Greyes",400-520-6954
"Odie Trayte",831-306-1360,"Nanine Paye",759-933-5465
"Ryley Shimwell",562-261-8115,"Kelby Derricoat",536-414-3788
"Son Poltone",740-817-9840,"Gail Diche",553-536-8515
"Nerte Columbine",730-653-4112,"Lettie Corradengo",402-622-1565
"Washington Buddleigh",674-452-9119,"Melesa Laybourn",847-101-4517
"Lonee Brampton",266-922-9473,"Caroline Polglaze",938-131-4455
"Marcus Hick",523-417-8698,"Amandi Allcorn",498-450-6351
"Matthew Swatman",972-549-3207,"Greer Bottrill",581-278-9108
"Tripp Vivyan",653-231-9591,"Erin Wyre",142-318-2133
"Nicolea Hanster",958-887-0562,"Leonidas Langworthy",598-201-3460
"Lurline Plaid",124-771-1795,"Berty Geraghty",186-602-8833
"Symon Gimlet",338-790-9245,"Marne Boice",571-237-9784
"Bebe Domingues",767-519-2707,"Addie Elam",903-610-1870
"Franciska Peplaw",306-742-4857,"Deena Gilli",708-960-7467
"Fawne Schoolcroft",954-248-6893,"Zackariah Renzo",843-632-1547
"Porter Fellenor",159-833-0723,"Ware Ancell",260-811-8455
"Ayn Avrashin",771-300-0874,"Bryanty Pidgen",299-789-3897
"Meir Manjin",199-317-3556,"Prentiss Weitzel",507-664-3668
"Nanine Harry",403-158-9164,"Mathias Lemery",627-375-0075
"Deidre Nuth",597-405-0753,"Michelina Langthorne",546-626-3664
"Ada Sambals",871-265-1360,"Arney McRae",414-729-7773
"Ezequiel Cokly",524-893-3305,"Brockie Mattheis",350-318-0992
"Amalita Rookledge",187-911-1953,"Fay Dowgill",395-686-0426
"Frederica Llopis",961-840-0045,"Corliss Warriner",940-434-1303
"Esme Balmadier",923-264-3911,"Kaila Dumbare",672-960-0295
"Rhianna Atlay",993-461-6373,"Tynan Smout",421-828-1271
"Cathleen Dutteridge",389-256-4410,"Shayne Le Quesne",482-714-5438
"Dody Winder",929-761-1117,"Tarrance Lassen",885-276-1018
"Alfonse Pharaoh",398-341-2219,"Dorothea Aizik",916-709-7352
"Elberta Karim",278-537-2298,"Lari Kubacki",812-162-9535
"Eduino Doak",910-278-3990,"Jessamyn Sauter",536-351-1202
"Umberto McMearty",152-189-3173,"Brewster Stride",643-686-5841
"Evania Apdell",439-549-5639,"Beck Micheli",272-571-8683
"Deeanne Bellows",394-619-8546,"Ruperta Schule",878-251-3590
"Fergus Galland",653-257-5402,"Cooper Harcus",783-511-5797
"Wye Gadsby",137-941-8669,"Thorny Freeth",728-371-6431
"Deb Aberhart",564-963-0445,"Natty McDermott",712-796-0244
"Tamara Coghlin",803-572-6911,"Farris Gutcher",455-811-0989
"Fernanda Crumpe",566-749-6408,"Yardley Maymand",928-392-4051
"Patrice Marcos",996-933-3924,"Antone Joyes",412-241-8486
"Zora Pelling",759-948-7839,"Kathye Simeonov",594-100-5256
"Emilee Ferrai",309-521-7483,"Rona Donati",619-202-0386
"Gloriane Colomb",935-238-8172,"Marris Skeemer",593-381-9542
"Rivalee Dabnot",157-756-1580,"Louise Ridde",469-131-2022
"Alexis Duthie",178-632-9397,"Susana Burchatt",645-839-8122
"Jaquelin Fancett",192-785-1502,"Cherey Crowcombe",949-838-1320
"Rayner Staynes",298-741-6524,"Pall Plane",415-852-6133
"Gustavo Yankov",603-227-9661,"Margaretha Haversum",482-675-8994
"Pinchas Pauel",790-519-9830,"Obie Arnaud",640-537-6488
"Betsy Radage",799-271-5784,"Chester Kohrsen",657-753-2571
"Tania Hillborne",491-789-4695,"Araldo Nicholas",921-166-5126
"Roldan Juhruke",977-990-3198,"Abby Hatje",182-961-8800
"Robinson Dranfield",987-302-4363,"Teriann Byrch",389-208-0730
"Delano Sambath",370-690-2183,"Cherida Rames",502-168-2109
"Delano Svanini",445-138-9777,"Rossy Libreros",735-438-7983
"Malinde Yate",670-937-6228,"Kylen Keppie",359-901-4739
"Lek Tow",517-797-3390,"Cozmo Avesque",402-697-1058
"Keely Culham",544-522-9371,"Flor Stare",587-856-5924
"Kristofer Dominelli",919-246-2400,"Garland Wenham",907-869-5107
"Christie Going",958-140-0934,"Herbie Sonner",817-228-2851
"Guglielmo Wilman",566-865-9582,"Amara Bollum",352-802-4960
"Corina De Cleen",292-266-1218,"Willis Lonnon",454-582-9381
"Garry L'Archer",900-713-1437,"Johannes Crosser",578-810-9238
"Jenna Galpin",733-517-7013,"Kenyon Pimme",104-502-0051
"Delly Brame",809-385-0058,"Thorn Brobak",936-782-3083
"Amanda Spere",886-365-7003,"Aprilette McGinley",812-857-1794
"Hurlee Cadwallader",406-262-2748,"Gradeigh Ridde",628-946-3497
"Theresita Gilhouley",129-149-9687,"Cordie Putley",208-430-7094
"Cilka Dunnan",921-318-5635,"Verla Maplethorp",155-689-9285
"Hetti Abdon",504-956-5813,"Ame Cossentine",886-477-6477
"Grace Keighly",676-405-0976,"Garrott Simcock",622-530-8412
"Symon Souster",131-381-9605,"Herbert Finlaison",371-419-0243
"Roxane O'Meara",692-900-0534,"Briggs Hudd",136-281-1076
"Neile Neilan",668-591-4553,"Tansy Roll",821-280-8096
"Adelbert Derisly",512-762-7497,"Jeanna Morey",784-456-1304
"Olympia Fullager",970-527-6052,"Angel Whales",693-288-6542
"Allistir Stenning",218-828-6735,"Joseito Olyfant",737-526-3123
"Wood Innis",943-486-2880,"Thatch Langwade",358-826-4181
"Ashely Owttrim",760-366-3026,"Gerianna Sevitt",371-198-5243
"Glori Ilyuchyov",373-769-5589,"Malanie Ahlin",416-499-3759
"Berty Cookney",288-583-6859,"Rhoda Nast",244-663-5415
"Westbrook Stallon",914-956-6159,"Vicky Egre",887-275-7247
"Kylie Gass",824-723-4372,"Mariette Huguet",562-973-3077
"Ricca Kemet",462-429-0930,"Adey Mistry",989-341-1774
"Minette Argabrite",940-958-7878,"Debbi Deignan",738-965-0410
"Giffie Teall",743-711-1911,"Elena Melding",635-671-5550
"Oralee Halfhyde",108-400-9861,"Osbourn Dienes",392-416-7114
"Olivie Adelsberg",948-850-1739,"Derward Hurlin",591-736-2062
"Halimeda Gale",814-399-9832,"Jeniffer Trenchard",503-924-7506
"Drusilla Lacotte",834-738-8167,"Derril Cush",716-524-6737
"Lorry Canto",303-881-7260,"Taffy Ksandra",890-166-2162
"Holt Weal",830-836-8635,"Alexio O'Hartnett",814-738-2848
"Cinda McCloch",629-866-4491,"Davin Rigglesford",363-939-2905
"Loren Redolfi",559-977-8387,"Derek Awdry",467-906-7789
"Yoshi Gulley",212-386-8350,"Ida Theobold",560-921-3652
"Aldric Pattlel",276-893-3941,"Victor MacVicar",927-917-0954
"Karilynn Sedgeworth",845-635-2757,"Maitilde Lawlings",125-467-8190
"Salomi Brotherhood",495-539-8968,"Micheil Georgeou",284-898-3694
"Dallas Soanes",279-871-8001,"Ronna Burnhams",769-620-3720
"Glynda Mellhuish",730-374-4399,"Erena Allwell",786-771-7301
"Timi Coie",291-790-9199,"Archibaldo Bilbrooke",902-883-1006
"Marthena Keneleyside",943-261-3019,"Beatriz Gilby",978-559-7636
"Freedman Abramowitch",552-534-1956,"Ivor Thyer",604-360-4143
"Perle Lark",975-372-8231,"Cal Redmille",111-746-9369
"Rosanne Klouz",562-992-0009,"Joy Snowding",430-990-3270
"Martica Arnaudon",404-825-6043,"Hunt Yelland",628-635-5998
"Lilllie Tweedy",785-856-2481,"Willie Jamblin",773-599-2493
"Gav Poundford",687-352-0588,"Marshall Trueman",954-928-2035
"Marylee Aggas",543-816-1946,"Ransom Clayal",797-974-3822
"Gregoire Ramelot",693-443-3471,"Dore Clell",322-471-4545
"Jessey Harridge",524-899-7984,"Keslie Georgius",542-853-9872
"Claresta Lander",290-815-6419,"Lita Tribbeck",983-634-7235
"Sandie Heinlein",682-251-3509,"Coriss Schubart",179-722-7713
"Fraser Condit",337-588-5604,"Taber Remon",570-771-9142
"Daria Rushmere",699-779-5417,"Devan Haggard",772-361-0368
"Jamey Feldstein",843-204-0737,"Fanechka Gabbitas",205-914-5432
"Jim Bonnette",547-582-2345,"Alvin Son",438-959-6569
"Georgi Alloisi",728-841-0798,"Pauly Godfroy",495-159-4363
"Fredericka Mordaunt",956-427-1006,"Herman Crumbie",285-187-9795
"Natividad Charville",276-481-9235,"Kandace Mobbs",924-137-7209
"Bart Kringe",302-229-2516,"Rosalind Reisenstein",915-533-3031
"Dania Colafate",802-293-7848,"Ferd Sandle",826-854-2063
"Ernestine Iorizzi",783-861-0148,"Kayle Baynham",175-733-7591
"Rosene Auckland",153-203-4441,"Bradney Jest",572-394-2515
"Melonie Bertot",568-486-3298,"Kaycee Spicer",801-117-8508
"Garret Cockerell",825-544-4205,"Catha Tedstone",770-625-4059
"Cloris Offer",984-662-1807,"Noella Wennam",403-461-6029
"Matt Thoms",619-387-6340,"Lindie Ternent",889-627-2316
"Fay Tremblett",978-194-1411,"Aliza Courtes",988-837-1375
"Corrinne Hansley",826-342-9129,"Carolina Figgess",623-738-7165
"Nonna Duberry",353-876-4085,"Binny Ivatts",501-433-8010
"Janela Mulderrig",144-707-8725,"Mirabella Zanettini",741-211-5738
"Dorolisa Grimes",547-114-2573,"Kissiah Midden",260-855-4538
"Jonah Eam",914-745-5423,"Linn Cairns",802-257-0301
"Early Erbain",340-466-7529,"Bidget Rockwill",191-950-4755
"Ricardo Abbotson",622-282-7825,"Buckie Hoble",506-284-3741
"Phebe Chastand",742-744-5714,"Osgood Shawel",127-731-0864
"Lib Mablestone",630-169-5925,"Nerissa Castagnet",817-821-6727
"Dona Trowsdall",997-434-6431,"Yardley Boyle",406-559-5583
"Marlow Kleen",622-249-6351,"Cathrine Innwood",900-710-8900
"Norina Merman",362-678-2764,"Urbain Torvey",487-127-3016
"Kacey Gillan",279-406-6295,"Fredrick Vasenin",620-620-1672
"Jarrad Grannell",699-828-4336,"Patricio Bullar",255-226-6767
"Raddie Lindop",140-388-8273,"Hunt Philippet",389-356-6663
"Lindi Petrasso",177-249-5351,"Gwenneth Cesaric",983-950-4888
"Federica Bryson",874-307-3163,"Linnie Nugent",633-340-2885
"Winnifred Frunks",817-541-9814,"Cammie Coniff",813-131-4425
"Starlin Kingcott",861-907-6712,"Aloin Vasyanin",796-133-3276
"Lin Leavesley",468-977-1280,"Alis Jeduch",892-401-5667
"Rufe Dockray",389-302-9864,"Damaris Serrurier",214-469-2734
"Erin Neiland",808-820-3266,"Boy Rahlof",805-948-6178
"Willi Hornung",412-945-6988,"Tandie MacMenemy",658-656-0530
"Laughton Glusby",863-401-0487,"Joycelin Goforth",549-630-7798
"Avivah Plampin",775-972-2577,"Holly-anne Dablin",729-653-4604
"Stesha Di Carli",281-211-6093,"Devi Bassingden",744-634-3508
"Samuele Rivallant",548-933-0564,"Marijo Coules",844-914-5186
"Lisle Ahrendsen",688-316-4929,"Benton Pothbury",191-194-6460
"Giorgi Fulks",542-357-6953,"Hinda Sisson",224-852-6761
"Violante Spowart",377-416-8896,"Esmeralda Ordidge",167-601-8836
"Dee dee Anfosso",773-675-8616,"Daisy Quiney",280-993-2005
"Ashlee Cisco",296-333-8216,"Amii Pohlak",828-354-6529
"Frederich Ruggles",320-762-7026,"Angel Wardlow",883-965-0750
"Laurene Seabon",201-774-8202,"Granville Baurerich",119-678-9151
"Adham Hitter",259-887-9204,"Nero Snowling",717-763-3485
"Mersey Scholig",448-444-7683,"Karen Knifton",971-944-9113
"Otho Varty",582-198-7501,"Wadsworth Figures",172-183-2427
"Dulsea Marie",164-624-4013,"Hagan Vearnals",347-780-9225
"Roslyn Fellgatt",672-555-4598,"Irene Greenly",717-463-0668
"Douglas Dollman",965-665-5619,"Bernardine Wibrew",377-310-0435
"Louisa Gossop",792-270-6164,"Niki Laurenz",131-494-4201
"Sigismondo MacCosto",642-892-8854,"Camille Adkins",759-663-5203
"Angy Muzzlewhite",537-826-7735,"Gayle Easum",831-171-9675
"Deloria Redgrave",795-700-3962,"Randy McIlmorow",559-675-6568
"Shalna Desport",627-222-7730,"Amble Coulthurst",103-541-6139
"Verney Eccles",835-462-8763,"Biddie Bartel",873-448-5139
