id,name,password,phone,is_active
1,"Drogerie Wien",$2a$04$sdXwbpWPpelofkNfGaheRu3ijHjW3oqWItNKbDkwJ6mfNasdkflasD,010-123-5678,1
2,"Fenelia Washbrook",$2a$04$sdXwbpWPpelofkNfGaheRu3ijHjW3oqWItNKbDkwJ6mfN4Y3nuUkW,496-351-5005,1
3,"Chariot Cleeton",$2a$04$LOJyk2jfC/87GkG9ZO1HwebgJ6bXt87KtEJcBN80S9C2tiSZBk2bC,860-996-7813,0
4,"Robbi Thomson",$2a$04$yhg0gO8YSivENWZ9iRpuou6qrWTwVkDU76zdVk5bJLso9hQqVSHdu,976-894-3107,0
5,"Cyndia Ivasechko",$2a$04$tWRrkQWGPSwqGlrlZp2z9.KBYbEbRQSREhL8.rfcx2jhsUq8h1JHO,105-429-7728,0
6,"Joleen Goodbar",$2a$04$jPfALWkbc0ObBchiTL3e0OTb.BFmEKUQCAc0ogdakrdHYhqxZJlGC,476-337-9583,0
7,"Jacki Didball",$2a$04$P1ba7WA92llvfIX0KkHNe.FPiEd./0GuWYZChDuoch3wqcB2UAnGe,476-871-5968,1
8,"Lou Barrs",$2a$04$1mdS1Sv/NdN7qKlqSY/P2eDQoZGnpTLflyEMqbBUdGKREnAzMvSGK,506-450-2857,0
9,"Maighdiln McCrum",$2a$04$VZn79Mx7YasGfuac8aFDGOSbidNvIkkHprHWXzdsTX6uVzKl2pP5G,552-802-8717,1
10,"Thacher Gravell",$2a$04$w6SV6iJEis8s01RYIF/p9.MWiRFfwDI6MO5e273yL9J9aQCHv2gwG,723-366-2090,1
11,"Fanya Capponeer",$2a$04$Q0ax9l1ObchuKsWMYUvHI...eV0Un7WAPMeSvvfBuRbTWL6N/6GYi,425-997-4897,1
12,"Tamera Bungey",$2a$04$tay3cbAii2DwT2J1kidKyOoSfJkpH6DSOR/YvHqIV0XrmQ9yHtNmq,407-651-7942,1
13,"Boniface Nobbs",$2a$04$stSPrZv.Zxl5dPBY5XYAceooy5ScaBslrKFVx9PQObK6ZbVCahj56,980-523-1379,0
14,"Carita Sallter",$2a$04$0JpDMtPT2i5rlimTS0daMuRPIEc0g3D.6LLYfWoXG4aUjgcKlAUSa,652-878-6695,0
15,"Rochette Beyn",$2a$04$KEVp4JHQ7jgVxie9klpyKODNUyCQ.KhwohejbRbR.2qymLgwH64r2,677-785-2657,0
16,"Win Blare",$2a$04$q/INJZKnwcNENyblx2ZQj.HdWdl2QyLIu9E3SSEwMG/VhT4OaCpBu,924-347-9849,1
17,"Valencia McAteer",$2a$04$wd7jrTxB2wn7dmrsStx/WerI0hDNp.GUBcHyxFOTN3OnDUxlkssv2,966-846-7032,0
18,"Orren Stivani",$2a$04$GOvmv2IoSbxH3x9ZAyHQOOvCVATbKC1rlh3C7325TfkOezNkn1MVi,769-869-0764,1
19,"Benji Waldram",$2a$04$nV5eUARZqqqOqdmaHdrcKOTm.h96u1vNTkuXYD3WPRvn7VH6OoD7.,704-468-9714,0
20,"Zechariah McGrae",$2a$04$yKOdSYH1zsByJ2nBipKxZuBKe5y4bC.HDjxq1McImvNaOZ6fQwBfi,725-711-8010,1
21,"Amalee Kilius",$2a$04$Gs/vZ/5uX9UAXcsaW2LqPOxygyEjIVnktF62gc3ibvEUeWQdvUTYW,839-556-8531,1
22,"Harcourt Dunford",$2a$04$oqxej271D9hf/Qz/Kkj.hOhu3uxqBFMsm6B8IZmMC1U9ZN3er2cdK,641-121-2379,0
23,"Minetta Knolles-Green",$2a$04$ENTFxxcaUfoIAwwUMAh9Y.GjZ/L8TxKNyCDQwxHiRCiWchH6AWwoG,583-804-6316,0
24,"Wynn Orleton",$2a$04$EoHwrP.ZCUixiX1sSxVsLeVZEMB.BzQ6takXKrPO70.g5jMcXzB5e,638-296-7727,0
25,"Sherwood Lacroix",$2a$04$7Vm2AT4c1jm8eVjjfkr0XenXHB1A9RYHeVUW2pepXKiEzcdQYNKt6,896-442-5196,1
26,"Ashby Rochford",$2a$04$bInh4fX/3nbyNGW4ngDCLeftBKCvGII7ajUr6NSVsEvJ7hFpl3g/.,107-105-4309,1
27,"Aldridge MacCafferky",$2a$04$z0hCIdXRS.B61sNse3Z4Je/9W/5ZxFGsCTSxmJoiFLJeK.vkJdtfW,508-774-0686,0
28,"Celesta Cod",$2a$04$Gy4gTcq7yUUIYIzmuHavruWy6tgbo5vDWTOb.sL.Bq9BxOLboNN5.,941-738-2812,1
29,"Anastasia Dockery",$2a$04$8KMxMb1tsohjf6j5VXJ2XeOhNaH6TgGKv4wymNPq1NL2rMc7Elk9O,910-623-3576,0
30,"Joshua Beecker",$2a$04$evVFOlYMEcCUTxIFYXIDPObBpNlHwVcn6/Nqlt4Kp.u7sLan.xOsG,275-577-0360,1
31,"Fanchette Beechcraft",$2a$04$6fLEvcYnHAYvY5B0jd3lqeudH4HChcSk1zwg41ZaPO2uBBW/h3dkC,403-687-8440,1
32,"Joe Griss",$2a$04$3A/P/9Zqy0O8U0RvrQbLLuSn8Sttu03.YY4VJm41N5K8oCanqQ7tS,775-452-0139,0
33,"Zeb Tenaunt",$2a$04$9gTV8SVpDW7x6RxGQW0nl.yYbf4Ip5VpS//NuQeAdpWq2ryIPjzIS,803-896-3881,1
34,"Lorrie McEvilly",$2a$04$LglpjBcrPkw0XM.bzvVRremMtbj65aNQHOxbtNe3h5bhp772zsyce,514-411-5258,0
35,"Miller De Caroli",$2a$04$BleVnGH6ZKVvjv7KxLV.pe8WpdqfmtpTcp5dHg3/vsP2y5fnepbuu,913-932-5794,1
36,"Haskel Hebbron",$2a$04$.2UZTNYEgkqGHwC/wf1Cn.h.jILg9CHbq2nLCtqMYXue.2TwKcwh.,609-724-0510,0
37,"Randell Tenpenny",$2a$04$gZp1jBibrom0j8IMj3c8/OX62FECd0XRFBql8TfH1xUDHGqxNYGj.,772-334-0894,0
38,"Archie Prydden",$2a$04$2LUwoTFqPPxwxJzsNr2h/.6X02tMo8G.763Xgy.OLeQsGMNDx0N62,970-313-6799,1
39,"Jack Crewes",$2a$04$qb52oUgFTwXnuAHKJr0zr.OlISbHlFghdL9N.ZPqkyJj1/agvjHhq,553-124-3400,0
40,"Hayes Duignan",$2a$04$zzYuvPNVZ/3nQwjDgGosX.zXTmkxmwjDqQB4FnfZHGKUgRtrMouRi,298-465-9019,0
41,"Marian Nigh",$2a$04$J69sV2O2Hf1geKHKozaz7OsED8z2k/sOdCW5Jz/XZfEQVYEpwa/lK,389-837-2078,0
42,"Zane Landrick",$2a$04$Nawcfckm229OTpdsQyr.4ObZJbISiH/cxrRytAlnuSjFPKJtikBUa,331-481-0353,0
43,"Sianna Ligertwood",$2a$04$1NdLXef06FgVnQFtLzpgouA2Q5eqMAmsx6fgtgJDFt.bFi69eWESm,634-893-8270,1
44,"Joeann Lavender",$2a$04$n1V.t1g4qCj4XfypTrtmG..y2vKEW3QOnZzc6.7vpcec.oBgTt6G6,868-424-0799,1
45,"Berni Haddock",$2a$04$LpnHJtdvOr0b.5/vR./QluyIRZpgaJ048M0ulUpCZJt/Ll9otRNT.,489-718-7739,0
46,"Sharline Turbat",$2a$04$AbNZT98BhD2g5fRfoYskseggUvlDupTUMhOPbmQe1yVuAtuyW1tdW,620-272-3877,0
47,"Maia Densie",$2a$04$w2aFhOIsIcg.wLfy0efX0uchIbnWZnW.tLz9DzFjgq4fgF6yIHt7y,947-866-4864,1
48,"Yasmin Macveigh",$2a$04$Mc1EW/K7B2fecoMr6Vyd3ed.EvGKbq5Xe3Adkz1F/OQrtAoI8bJp6,360-660-6185,0
49,"Alethea Ealden",$2a$04$ZNjZcoJOgEKE6z/yCSfzV.xMjXGm0.7AjsUYRELcRWTSOF1sLqwJO,274-288-2429,1
50,"Gregor Roelofsen",$2a$04$Hk4Fzg6Rv/5YZHlfzm7bee1qp34etDTiIjP5ukHkDXViAFEnTBaxm,348-739-3578,0
51,"Hunfredo Acarson",$2a$04$BLzjBmKGpRKcqbv8mPV4s.KUO/uzdrQSFmnVnl1/NDpkzZGk/2yIG,315-448-0635,1
52,"Micky Escale",$2a$04$qSaSdj5qLGDgnaWLSJ.HUOTn6gRXE9Z3Y.TbeZ/YmHdYND2DrD2x6,408-349-5991,0
53,"Moira McGlew",$2a$04$/t3EaMI.59VuZI2yGgZZBOCYtUojohfo03I00ubK7I15QQ..S4YnC,465-264-6063,1
54,"Bud Gother",$2a$04$WB5Yild2tPCCaUgM6tE37.YUIx9TuweU7cQMGvLsM7CbXxAYX6oXa,937-788-2411,0
55,"Krissy Fraczkiewicz",$2a$04$FtZYZc9gHUasT9NLodrkvOnasVYl7aIBH7U4YSpj92Y7FJGLYucX6,195-860-6908,0
56,"Alisun Youthed",$2a$04$nmFui2ujY8gyTtHjAr6.yOjQwQy.s4Qcth8HmSWB40nomxZEHddWG,284-755-8579,0
57,"Rebecca Redihalgh",$2a$04$4Jih1p18PqL/Gq5pxkTRZexCpKiThQXx/g3tgzQDcHOATcZj/TnFO,728-251-0737,1
58,"Judye Relfe",$2a$04$jTpcKeJTKKmq2dfV/s0SbubupmRq2DJEtgT6ByUWkW5JiQGJoIzFe,549-752-8398,1
59,"Lynna D'Oyly",$2a$04$s5Z76cg9GCfeyzzTpk2uGuHHJwpeRP808T1fVUeSXd37t3p1SyB7q,527-335-0187,0
60,"Araldo Tracey",$2a$04$G.bWLZjK8C9YzfnThZQ4fO28PoehVpHadMOxrQuHCmylYqU.4kpGS,500-551-7556,1
61,"Maia Jentin",$2a$04$pbcQE4teYizXyvz3sbs.1OsJL/L.L/hKA/MM2n1YUpzL/QFojPa0a,965-649-7134,1
62,"Gilbertine Jermin",$2a$04$BslrBEgkTmPeTHdWSVAE6eyN3RJ4FTgJi.qTIKbwlV9m7BG3rvdVS,639-765-5631,0
63,"Andee Fintoph",$2a$04$mojIIDEmqzTS7tRyhxEvRehQgpjC3Uw2XOnjKsKIO1Q.YKehtnRMS,679-402-8791,0
64,"Nettle Krammer",$2a$04$qt7jiYpbM40lwd.GFr32n.fIokOC2uSNsIa9DubBw3zWEGR.k5.mO,124-298-5965,1
65,"Webb Wapplington",$2a$04$5PDDYlplqAUhr0iG/QCsjuBWJTZlCdMnnyjXEs07ORvUA9j5xY.H.,140-307-9278,1
66,"Bink Menault",$2a$04$PTktx9p5ULzQEkuN/aS7x.TUUDdn3gfPhZHCc7ZGQU5.VYg3C5rOi,785-877-6348,1
67,"Ilyssa Roache",$2a$04$RXfUobVgXVj3sbiOnvct.OCdcDdR4/zU2YBjsowUwVq537Id5bNly,831-403-2844,0
68,"Christean Petel",$2a$04$Mb7D.3gY.PGuFXLVmlvyDeXn6QAFGl2h/caUj1B.OjIoB6wJRpiSy,502-569-3985,1
69,"Bax Draper",$2a$04$.OESoLv9i7lE52/TXlpJveIo.MUdM0/53ktj7FzfU3KWnWcsAAG3G,277-757-0054,0
70,"Stevie Fielder",$2a$04$GaF48qEWrtLACUT74/Ntf.m6R96nlP9viecvg169W5qsFDrgy.JS2,310-863-7931,1
71,"Alisa Frowen",$2a$04$7nZ4dtGiu0nXFJ2r8KJEv.4tBL1bFXa.kFUvx/SPz7AROt9XOxGm.,551-842-1148,1
72,"Claiborn Olennikov",$2a$04$.hPVCiaNT2YBGXumCOOOJOHPnrlZDRuor.kjJW1xI5iz5MUIDhVI2,829-626-4524,1
73,"Jennilee Brome",$2a$04$0pO2sD4ntygROi/KcJhC1OuAeNGY65c9zVkfvxvHwj3yHHX2s7Afq,624-129-3618,0
74,"Brandtr Aldwinckle",$2a$04$r9n4BRi78FNjNbvrAZ6mdO83suKB/70mwBrSOwgpmSRfEFG.acuvC,399-119-3685,0
75,"Ileana Kelshaw",$2a$04$iwTSZDfnojGqK8pKDloI7eBJ5pm1r1ktAV/SXPaZJwvY1H.vvKdQe,825-620-3675,0
76,"Quinta Belfelt",$2a$04$fw.2Tfjmjik3reoAdkCqVeKrd16WGMBOuBI1deTjdifA0X.tLa/jO,541-475-6258,0
77,"Allayne Pierro",$2a$04$UtEBQI6UjeMVCd85crcGB.73tZMwYOGWiWFB46P4X7Bte4lcO6v5G,109-793-6085,0
78,"Maude Casoni",$2a$04$IpyJqjMXI6YxH9NfZpXQq.WzEflhZl15VhomlkUn1AEHLlY9zHNaG,916-713-5910,0
79,"Jaquenette Chatterton",$2a$04$rP27PBmFQ/wFpaAB23M39.2V.EHUkUoI1HPVQYoQ84BonWSbIAA3q,244-610-4818,1
80,"Belinda Wellsman",$2a$04$jtoTO/W.a5Aig6mokSZivOnWWGlbK9cWWthuzNxdPU7VHAll0h9W2,485-454-3268,0
81,"Pearl Poxson",$2a$04$fulH6Lxg1UduIX5YGss2M.l1f64Sq9p86UXodiTJwknPp.3eL6AaS,342-926-2697,0
82,"Kaylee Falks",$2a$04$g803iASaeJcp1p5NyVSAwO54WoXuaC/d/St3WXM9MCi8jMJkG4v8y,586-600-2475,1
83,"Beitris Avon",$2a$04$XqaAxMl1yUsYc1fqWyby2ejWr9qYbxZl98rSnS1mYXAI/ndnkFG7K,453-443-8348,1
84,"Sisely Meneer",$2a$04$AdFOIkFUGXhLJc8o/M7h2ucl3dp/S/6cZjONS.q5FZ1QU.GWro8Da,806-225-7878,0
85,"Mora Ambrogelli",$2a$04$qkCKBYloq2.ulGAhJ5Srf.HzyUeeQA4XmNemtfJg8FIJ1UDK8IIfC,781-807-7518,1
86,"Britt Coleyshaw",$2a$04$bOHyWSUzxXqNQdkWXTcvdurYI8a0NleA.N3tecc6JC.r5R8tBZt1S,506-278-6884,0
87,"Clarisse Dunston",$2a$04$vj08KH5ufY3/Xlp5sTdUL.PUsMzzOL31BziYwz0xCEZJiJhzLC8QK,656-753-8513,0
88,"Kenyon Fisk",$2a$04$exRO9G/4KE.gYFdyEhRFAOgy3hC2dT2dwzgvLq9q1NHyIwVri5CaK,939-923-2765,1
89,"Dolly Braferton",$2a$04$HWGEOIFs5UHhyG1rYt0IWeJKVQZKEe5KEUisOMfY9rvsYb.UkG6ye,546-503-8652,1
90,"Dareen Kubalek",$2a$04$4665L/Kzayj7kzT21ZClRuVgAT2JS8h7ccc2c0xltx.Hr0zouooW6,558-415-2516,0
91,"Darrel Growcock",$2a$04$UqkUmxxjxo3yy.CDrTl1JeV9eCMJKh7vlaAJrP.uootKvfqx51ZYO,789-966-4428,0
92,"Gothart Bowlesworth",$2a$04$1AECIjeAHNyqqL1i32RgNOT0Cnth5rlS2vsWKWA4Q.x.4H2Ig47x.,914-819-7292,1
93,"Milt Willerson",$2a$04$fTU1iiqBvJh8Oime3uNpWOr5vfU6iCwyIm3KqLU9gYWKLUuIoLIvy,548-211-7283,1
94,"Thaxter Bridgett",$2a$04$FBz/twu5iiMVb1r5IYrf/uUaKQ2vZBFdv8C7nhV/jZ95ZRJ2K2usG,295-168-4042,1
95,"Pryce Chaunce",$2a$04$6Rj3bAXo4ECoc7yZiCBIRu5x9KbKydy6Z6Itc.05QdhNCICFsCgWa,860-351-8536,1
96,"Salvatore Guillart",$2a$04$mugLttbdlCW2gy4jrnWuvOD9pWsbdCmbYeqBmNAPUNC6Z3gPUkn/O,838-867-0811,0
97,"Blair Cowle",$2a$04$BgDjEIsoutsNZ5i4D7efE.URZbXcZbTPJJuxTkTF4YWFqkNSVB/g.,430-907-9883,0
98,"Lina Kincey",$2a$04$wR5zdeAw2axhsiE3QKVjiem6zsfD3qJzTOu2YuC8fpiSfd0INZygK,716-501-1458,1
99,"Mel Rosas",$2a$04$iHR69w4Mi1mp0Vr/cQ.ZM.3EgVb0yzGk0C/GZq9agbBSOdKD2LYWy,516-650-0293,0
100,"Jonie Harrower",$2a$04$dUg2L7JblAve4xHPUUCKVu..BB8ANU.A2TnP285Nzosn3pvF7q3ee,146-252-8117,1
101,"Lynnell Stairmand",$2a$04$6b7B8aBo4BHeSCDpdz0WGebZ6IX9MrBsl0oqRYjJ0t9M60NpZVGRu,354-741-4126,0
102,"Emelina Pratley",$2a$04$e1m15Mic2ul4QpQYAGLzMeLSf5Gz.zGecblzZu9LEtNmi5jIaSJ52,439-833-3592,0
103,"Iolanthe Devonald",$2a$04$V.v4Xtjea.k9yTQVZyjMWufwWzvb1AIIMnoi43t6QZ5CoKbGd9ogq,543-823-4760,0
104,"Dela Guilayn",$2a$04$TuVVY6lRi4w0Hm9dTyCDIObldn8yvm0v1dWBM/bm48EtLC/0fLXQG,405-592-3683,0
105,"Kora Stanfield",$2a$04$Lu6D5fnhV4iIHyB9Y05TAeTsCVJIvLG5uE21/vybgP1pJ4aTIJk/q,627-385-0934,0
106,"Cyb Van Velden",$2a$04$j2BquJQP.VBen.KNYj4GvuDXG.xawKoLjVwxMw2oQMm8POUJIuik.,100-137-8529,1
107,"Flemming Prettyman",$2a$04$yIr/49oy21KKNdrpCXW54OnzZUtTOur3cE7piEKkTcB/3v6nrU3dO,768-438-7591,0
108,"Jeremie Oselton",$2a$04$0lZfeqqZjF8s2Z10NBfhrOuqrt4p1gMzGddWOCSbWNor1dJAL/JMG,859-362-7911,0
109,"Kamila Furlong",$2a$04$HxJnbEFhLjQBRkPI71gy3uZDhgvZlDlPMYVEYXhQ5rHSKkFZu/VKi,716-370-4721,0
110,"Brandyn Sylett",$2a$04$.Tp0GSoR5yFKjaQgkBmE2ulhh2dl8PuzC/QAypr9WsZRr8LfrpOrG,655-852-3172,1
111,"Marcos Dubs",$2a$04$iECH.Jn0lhzN/j58afCYe.s6mtv82aEgfNDTMKfJRVU0HHL9krkJy,689-168-9886,1
112,"Bidget Gwinnel",$2a$04$v1qi58e1HePbkEpbmO1exu5MxF4g4h02U3J34dFn5japtvWI7ZEe6,395-455-3784,1
113,"Lenci Spybey",$2a$04$pkKxjlvItR.3L.360OXB0uOGwbtnsaqCXY75bfGXivmhAWR26pzUi,381-357-0616,0
114,"Aurelea Cutford",$2a$04$U.ggb3qS3YF8t.JgxQLdvOc5QuMsyTtVcJLk5a8yjMTwOohhOCXKS,582-537-5712,0
115,"Gav Doy",$2a$04$6Eff37BXMmaD5d/Aumnbu.rZ1Kwmsl/NadVYjaxJdmsF4WPeL5coG,710-994-7288,0
116,"Arthur Fivey",$2a$04$GzHwBNuWn8Moi.v1zN8nEuQ1oEwCibgXWI53TTgWxaaS6TUdb3D4C,137-462-2190,0
117,"Lottie Fruish",$2a$04$spJYPAllGgjcFiH8twcsde9zw2H4hbodib0s2mEu6NQ.OGQhBdeqi,627-230-8696,1
118,"Denise Tebald",$2a$04$VpY3UTRIvRcOcZfAOsjKOukUo9hZ45OsnoWbF2laWT0CPgcE34Bci,102-584-4625,0
119,"Ramsey Bartoloma",$2a$04$W629cRtDdnrwMrq0O/s2p.ahHMKXw.bpvR/yisrtxaUfRH.gdFkfC,470-884-0217,0
120,"Akim Broadfoot",$2a$04$DKX7LkCGVt0RWJcUxer7gOXoXCbMzfXgmhh1ns8U5v6gMJgY3jfEW,419-540-7263,0
121,"Regan Chieze",$2a$04$Ju5SyOPcV3ofMgNji5.ppe8qFMB0x3gJd85L4EFbFcZHcchJMq6N6,130-262-2523,1
122,"Norma McCraw",$2a$04$UfN7GAE.oKh5fbZtw5vkPOpSFcehn.6giKDInBVM1x7zJpWsV2K/C,825-412-0056,0
123,"Bryana Jose",$2a$04$kCo16m/xLSmouPrmjdbT/uMISeEgNBoPajOuG7jmpGD5o6O4788ES,155-546-9909,0
124,"Reynard Jelk",$2a$04$IT3bNKtQa9u9Jjw1Rf6i4.TB55DZnnYfJ2z87S3AGPfX5bDZY/aXO,646-263-8190,0
125,"Sterne Jaulme",$2a$04$T8MTT.hfSdXzfcBC4VDHs.VY067Kgq2phBnXQDsGaP7wP4dsD7FPO,916-911-1796,0
126,"Morganne Hyndman",$2a$04$U7FwVwYi2NY5CFuQxViuDOk9WbmnNBwV4tnsORkmRhhOUXCSfWWeK,499-710-1981,1
127,"Elsey Bedlington",$2a$04$VT/goopY1fQHQ/dihZCn3O9k.xGrVgpVOufruI9rF2H60bpaz8iSa,373-454-6123,1
128,"Verine Dennert",$2a$04$DWLi1MHCVfxYsnQFPZ1t.ePKsMhS0kN8jYS.BSpPILJOfmAT0hErW,571-586-4454,1
129,"Brandon Corkill",$2a$04$5tt8NoeVRSC1NMyobEad2.Wle9ngSJQ8fi8VDLD1WMhYZQ.FvuOMu,669-667-9113,1
130,"Calhoun Bennellick",$2a$04$CP84WMIHEes9jB9RlIu7oeegmz.xbqPyBAMB6UVGvydvEfOF6JqJu,512-642-1557,0
131,"George Warrender",$2a$04$EAhbut7lGnFaNnS2cCrMwudCJIfgvUk3/2d7S8xtHJHcj4DnSCmi2,551-747-5107,1
132,"Gerri Houldcroft",$2a$04$1lqaCOSzwyYr8Cr9EmIsZuOP0r9hDaTumip1.jUluhON.o7Ca5x.y,674-661-3113,1
133,"Rachelle Cradock",$2a$04$tyJLW.GU2fDBMiIAsFZG8ODJTfofbwAaofo8LAck1Tcg9U6nwJF92,895-969-8850,1
134,"Ladonna MacVanamy",$2a$04$4yOs4B/2.mBYvj1pTBqIUuVx48zkKc1RgWXxYlkVZg5pBIOuKHGoG,605-144-4450,0
135,"Amerigo Blainey",$2a$04$3sj0R0KFtfi8Nwni.NIREeji6m8gi9FgFhgBwsM0U0Ztu5lM8/3nO,482-615-4746,1
136,"Skipton Veque",$2a$04$IGYKxcMqDB4TxnNFd7t1jeoU63Ntn86S/T6Gu3qBVn7bG4bQfyyLa,367-244-0828,0
137,"Catharine Jiroudek",$2a$04$I9SARU0ad.kSJT10gN/gt.6Gd0V6UKFPpB2fcDiNMOx9BhGULsIkG,202-427-8562,1
138,"Bogart Sheals",$2a$04$nFNJyvHNz.YKKFZEJKj7rOSSXDrH02MT44DBMHcDyb8ZQ0B5d2dXa,222-247-2665,0
139,"Jayme Yellowlee",$2a$04$0FIse1h6.8NuxWNmqnb89e161dsn/k2/mQH/LJy2xCZHcVE7l8Rwe,415-740-9055,1
140,"Donnell Northcott",$2a$04$f79e1GNTb1trC61IR4aU5e4Z7uUGVRLMiTOB7fuS2tjr0e3AhgZtu,110-193-3557,1
141,"Wilfred Bernardotti",$2a$04$P6qdY2tEDAYC.Tv6bkUAneleFNuaWU2.618OZ7I9PrSqS0AyvQUZm,291-827-0277,1
142,"Piper Lamprecht",$2a$04$F.AQm9hZE5DhnmlSRWB8cO6xrqPMpd3fkTzeD091zri/sYvlyXiw.,707-987-9589,1
143,"Conny McTrustram",$2a$04$FZYfAfw0qFT/SKokschB6uAznBRmu5k5pfTAIgnjZvYDRJYup9AJq,777-459-8181,1
144,"Rudie Donnelly",$2a$04$l2PqGKwvGXodVbfIRGvNcu/YLKaemR5dW5YAvwBooAYKhI5GWxw3S,964-660-7523,0
145,"Wheeler Coolson",$2a$04$DvA6kQlim09U/rqPRCa9/uBkjx6yTuIHZBMgUBpP6yj.1GJQ9qO86,927-411-6239,0
146,"Kendra Bartholat",$2a$04$yY73MiEFSRcJi7TC04tMQOZvRyCCF9RvGhFhXG0pwvkEZLrswZ5i2,358-808-0533,0
147,"Moise Wonfor",$2a$04$3DUgI7S6GX5yZ9NGwoPJZ.lFYVJeczCQFKPhoWgqQ9FSv81RaqCSa,426-148-5284,0
148,"Brian Petyt",$2a$04$iYKgjdIXDp9sc6pYRqT2OueppUibFrRUEVpXJSOXMQ6zavfgjpH9m,468-813-9429,1
149,"Ruggiero Simmonett",$2a$04$l/H0LvYvIJ8aLRZptCTiReeu/dYM8IfrPxEh3KgI8aHQ5lHZHtjA2,941-566-7709,1
150,"Renelle Malthus",$2a$04$kKSY2avZ5lX9A7J8R7XSPOLKTQ9xIK9zvzvCrJ/p0kTzKOo.RBqnq,487-624-4819,1
151,"Geoffrey Gudgeon",$2a$04$ID9ztRtECUOhEyG1ht1w0uVXbQHj6SlswKEUykTAnvfo/CO5u8Xwq,879-690-1042,0
152,"Analise Dawidowitz",$2a$04$/nGDYc6V2LnC6WkpH/qNW.qHUqy2nAu2gunKfMJi2jqitv4uWlKYy,981-739-9280,1
153,"Thaine Winthrop",$2a$04$jpsmn6QzUL8F6CWyIuGWueMwComZuZYy1Nc09ni2YLDb6mudbVb4C,214-561-9426,0
154,"Sampson Bockmann",$2a$04$iJFwt/eKeNfPdqWe6i/Dx.Q13cYYyLa5zpH.MOrO9sjwZUp1VjHC.,348-835-0844,1
155,"Kalindi Bilyard",$2a$04$j2QrL4yJJ4yfEQElvasoguCj7Bh55t/dRmEsnEjgT5ga0mXgX.m8C,597-973-5740,0
156,"Elysia Tebbitt",$2a$04$5UoSHIf0GsOf8CzkaxR2/u/y891dGZmJ1BaBD1.CDEFghC/HqhDoW,469-852-7509,0
157,"Hinda Biskupek",$2a$04$m8eEGdU7ruozc708Zqr7r.CB6CegRNEXVCobhXM9i61c2DYg.ftLK,759-783-9547,1
158,"Louis Alenshev",$2a$04$.ZC6hjUYm1xAwkkSTaGQEOAGSwjdVuP5Hmztl.Dlr9yLnKmz7LI6G,654-407-4917,0
159,"Jaquelin Batalle",$2a$04$hn1/hvOG3MpT35SHfsAZiuCrm7dFaOMldjYP5OjKUpDS8PlUMvo0S,625-974-8453,1
160,"Nikola McLaughlan",$2a$04$mnDbnvfNBda.Upx8M8flbOCKbwyVh9l1oMM/nBr6Y7nI1ClmyPqJS,466-108-1912,1
161,"Valera Huffer",$2a$04$A028L4K4JeZ.iKAW/HZzh.h7j4uFM0gFraeIqZ0ZxNVz2XJcAQewu,869-986-5533,0
162,"Arnold Benardeau",$2a$04$i0KSIwRS1CX9/FwgcMajE.ARRf9E8PKHHW9bQGU5vHE4riOpQoPl.,799-532-9921,1
163,"Franklyn Edelheid",$2a$04$LylwUkcjlrJHH9k7/aoZ3u8GgxZKhb8noNb39.v3dy5LU7joaRLje,216-826-0519,1
164,"Julie Toplin",$2a$04$PS2EXM8kpEh14mNWTh2uyOLn1mkXwb551N.pQ7mX57oxPZEKB8juy,594-600-8307,1
165,"Fidel Abrashkov",$2a$04$S6pQD5QvtOpIE8E46paU.ea2ldr/Sx3tOw3Afk8GeWtdDQOWJvxrW,833-190-4943,1
166,"Lilia Ritter",$2a$04$uzBoRbI/i9hK16LfEyNvYen07Ih.cdftf.bMm/lxv9DZPRz48RXke,194-205-7876,0
167,"Bartel Askey",$2a$04$lbG2eQDRct3o63lxK63YGOShdKfgQ1LnAgvQYv.YE.4aZ5bCHUKyW,996-691-9927,0
168,"Teador Votier",$2a$04$SwFwV5XTEZVrKG6Y5wFAB.thB4gEmTIryP/jkFkf1WQW8fb2U/DKm,201-994-6853,1
169,"Ode Tesimon",$2a$04$j9EJOHtUAOEA3rdYQ.PRxOCA6YFzyawzKibOFbcY9ohFVstNjdJzq,664-247-9501,1
170,"Josy Souley",$2a$04$XEUSfk3R5KRqlPyACFekzuvzchskoaI4rn0qFZNZCQphme2ZBhgoq,706-444-4886,0
171,"Omar Roney",$2a$04$UCynPErqDSYoEst6AC3mlemH8IGPg4bHQkpSbKVpkivz.RRh3h8Fu,156-365-7860,0
172,"Thibaud Christon",$2a$04$VNJ5xkrCoVVUSDydLErH0OnJHO3V3hZaavuPeEG.PKGCrl2MWHMXu,470-489-8097,1
173,"Vally Beelby",$2a$04$pxYIo56vkYqtgAIycg.INuUk8uodbqRKLQ0vkij0GxVF57jsd7Zny,736-226-6343,1
174,"Isaak David",$2a$04$ndZ0xPsOlmPL1FpOC/BSV.lfyJFvIm8NvBDzx1X4bluSEsLkuFeJe,483-846-1057,1
175,"Pippy Leckie",$2a$04$QHasmMD3tnlbmc4IPNkFBuIiMwleIDYxdshknjcHsowV7o0Aiqmmm,863-520-9036,1
176,"Nancie Tremonte",$2a$04$/GOnrHCKb8sZg6QQtVRoMezZPkL7x8kl0hLaRPpE39DGfuKdb2ayi,239-592-3951,1
177,"Amie Rawstorne",$2a$04$8JIThr5rvi86R2mZ5hSGnONjFeO6DEo9pn3t1T.jMvnu5QK.CyDv6,982-193-6641,1
178,"Berkley Eadon",$2a$04$b1fWeSJA758MqWecpjaM1eoS/4l67n3PO45P4rHe2ZwnaCFisdUp.,644-515-9314,0
179,"Lyndel Marcum",$2a$04$cwrMOQxmyG2MviLEdrzU8eKM3SnqVoswFqIcpcgk.ABK3srdd4xbe,170-103-0688,1
180,"Emelia Cops",$2a$04$uf/14tqyxXnrVj0lBNykIehLsGq/GYn5dJ47/xxX50Dkg6UIi4yYG,340-618-4647,1
181,"Jenda Linsley",$2a$04$mk.R4OVKd48LEU95cFbBXusQXPhkOV46xd7xqtqpCTmLeVENA69Ie,815-194-6176,1
182,"Maryjo Hackey",$2a$04$O25Kd0AFkzRUjSAVpZ.giOjyHYHW6Oa/SGStXsMxso3dvywEpGGTC,425-221-6339,0
183,"Danny Kwietak",$2a$04$ePy3BJN7xeS1eO1jfRx4jeAuZZV7iVkrpparyGrYGyN5OUCUXvrgq,538-395-3565,0
184,"Roddy Coaten",$2a$04$l1q/Odwf3lARWaXyXxs7zerCw3hVkAPjapjBAQGnwVGIh.1ZRHOXm,175-550-7997,1
185,"Mikel Francomb",$2a$04$fdJhfkqvLgR0FgPxOZnF8uOKc6txzsFPvcTBDXXNkqdjGJ3J66zcS,153-579-3868,0
186,"Garrott Urwen",$2a$04$XRZtJku/hZog7tmjcLFs4uOwvKQTbnuXjcZKSxheWQjf6xyWuTjbW,725-563-6311,1
187,"Fifine Dixie",$2a$04$7m2MU0MR27V5cL/jCNIEdu96xyYoYteJk4FPMomhy9j.pcjJJmxja,733-462-5991,1
188,"Mile Belcham",$2a$04$lz8ZEI9Xfh68TgD8lhTMneTHQqtPTRCwEfRdVbNh0PYAxJkKAxyXe,282-963-4937,0
189,"Clara Janiak",$2a$04$G7RqITeAkiRaeujadElsV.eFNCL/xeQ/1FVPPU1hCEttpRd3DB1ha,710-974-4032,0
190,"Norine Tootell",$2a$04$wexbV1eBgAJItCHjMX.Mfe4x8/eaIdXvuUmjwUIPr0rtd5.FdK8YC,363-514-6019,0
191,"Cherilynn Bartoleyn",$2a$04$Szq5HTkOKJQdAPXCeHjL1uEfOfQnEnWZEF3TFXJuAWNX5WpnbNPAe,844-845-6299,0
192,"Crystie Clempton",$2a$04$Fvm1Oi4sZIRpMiNx/sLBq.brQqR9nkx9oYjLQLPv/BShOQABzu.FG,670-811-9515,1
193,"Janey Stuchbery",$2a$04$Y4VOaITJk7ecURlabIf/5.ISivgWXLd7Jco9JXx2zijaglhWydG8S,835-939-1921,1
194,"Jenni Bendik",$2a$04$d9BNxCM9FM40Y0daos0abeA5CO83NWnxlbHcTPoeK5G1yozZ5rVyG,471-747-5641,0
195,"Saunders Lauder",$2a$04$w2RwCM9r7dRXB33STIh0keEQtVZiJ8V2BEwwyNCF1Wuuc6VivrYQS,823-987-4021,0
196,"Donnamarie Bower",$2a$04$m1czDTFBQRN1ngMB91un/OHvNFq3QO4FPjCWOSLol7a43JrJ0CpY2,582-226-0243,1
197,"Joe Satteford",$2a$04$qpMfOyQMe5HR/kqRKOelge7khTztjaKR57ssBNHBWOBiPCiKjrHkO,892-748-3911,1
198,"Crista Southerill",$2a$04$ZLELqbjicEzxB2yazzwWk.FUmmyQVwqpJnZTAYYBaZr3IQYeINvGW,473-845-3104,1
199,"Rhetta Walton",$2a$04$PrydnWqkejw5e9RjD5s94OWEUQozm7IVLrohN.F5qDgTAX5V6rO/S,114-967-8271,1
200,"Benedicto Pearn",$2a$04$SjAPrTOac.5UnElynMSdruoLfMFOZqx5U4ct3US9iXJHXci8zqGQO,278-975-8436,1
201,"Gabby Nutton",$2a$04$ITtn4Myvz5eLgY9q9d9M1ecbdu5uWMBjfBs2SXzgS20uhtyW3mUea,670-863-3146,0
202,"Julieta Vampouille",$2a$04$ZgnKrFtlifY56mpYFFv8UuqRHh4XUAc8CUg2k6JxOBgVgFNhEl93e,369-732-4279,1
203,"Ximenez Krojn",$2a$04$UElDc//CJz1rz/3.ywAP8.XULCFz36M7aBKMcgBVYt./rwKXqgF16,487-215-0064,1
204,"Ax Tapley",$2a$04$O4tw3NvbvFP995IEEwK3nuxzOtzSx1zbqzIqZtmx0tjtnBMYTDuLq,242-826-7060,1
205,"Lenora Dyer",$2a$04$p.7rSozDAYLLgf5daZDJ6ujxSzKQQMZKH3a5eIkhxh/Ap30e69n.e,926-208-5705,0
206,"Dunstan Pudding",$2a$04$Z1PO6rRXQVg3M.vefXOVMOdGsxgxHOXEK0ilZrP5DXtrcByeGmXla,857-631-2317,1
207,"Skippie Corby",$2a$04$o3J7.YFyZNSFkpnaJY3lseKTKxpxfmXPohd4mpq9Q65E7BFDx8yau,778-984-3885,1
208,"Krissy Brokenshire",$2a$04$XOK3BbOZ8IRRa//HExfnx./L1R6xBsf8KA0D6bt4E8QCSeoiKekeS,950-844-2659,0
209,"Janean Dudding",$2a$04$boSE4g2uZ8sTFO46XXxOz.3FKd3zwgXHO.buUffxcJb7LGNcfalVG,719-587-7941,1
210,"Felice Kachel",$2a$04$tuhOE6dyn4JKHKlj34SFIeB8m6dUJkE2G6od.Ik0pnEg7wUJ9iOJy,151-972-0208,0
211,"Irwin Prahm",$2a$04$vW1onJCClfq/l7Ufet1/uepwLVhUW15WwBSuGBdrGMMcYijXQAupO,694-567-7046,1
212,"Chester Astall",$2a$04$yUEGApZcH2hYnzTlMXD5GOaYSoHPCaMizWoD/EpF2Zg3yv9MWieO.,317-653-7178,0
213,"Kippar Frontczak",$2a$04$sZI2eyyXXkby3c8.Ru9p8.u/uixFwq/cdYVwBOBZT2kLxrxwyu8G6,958-668-1865,0
214,"Kessia Sleith",$2a$04$7FIxkkrChDnvHW2t.GUdxuzFubfnEIsGqEtygIWqTC9.t5.xZiehi,183-214-3532,1
215,"Eustacia Fain",$2a$04$tbLjZ.x02DGjzqrIv/S18OrIxxzdIpdZQku7ZJZ/Gb5jQ5SemaBWW,579-906-5882,1
216,"Nell Lomb",$2a$04$o2zNopPbFHizn1V5itmof.DlS0QaBsi66KcsA7VNER/B8U3N/./ha,413-991-5857,1
217,"Benn Bagger",$2a$04$W9M98gv.izF3oRS4aZXMyeSB301jR1h/7HQe.wI/.ePurqK.5.i1e,355-151-5116,0
218,"Delmor Wareing",$2a$04$.ttafe7vksIpTUHzUjB6EubWaL9iKiqsWMNnAhrdhss8tkpVq/KMS,397-368-8817,1
219,"Darsey Harce",$2a$04$zhotoUdrzuZBIw3FDxsbveQZW5PtJlG9/GxC8j6tOwILt4jmnEScS,645-377-4722,0
220,"Cullen Corrie",$2a$04$xZFEHhlZNOqYw6MDif7uge9GZ5M5GVnMDMh6ObyLYhY2GK5plkqF.,398-240-3741,1
221,"Willette Sugar",$2a$04$f4Kvu01FQDo6.AiiKM4/I.sqe9pexVJ3UnzKsowBfTZTG/EokTRZK,862-317-1378,0
222,"Kerwinn Sproul",$2a$04$R7WsMF.aC8xM5eqOlcxK8.Ne.wQLVTcMpmIFyj/j/jtNzctzQFThu,986-611-3762,0
223,"Fax Segeswoeth",$2a$04$GcrKskOw.usK.kD.ax/Pj.SHX1De9HpHyNgD5lMfbltVCOG.6AYgq,487-838-2167,0
224,"Merrie Male",$2a$04$u.NNWxRYR6Uko2jhfGJgUOF.cbzp.qHhAIld1u91nA9oX1.GwhiMO,178-983-7036,0
225,"Gracia Murt",$2a$04$HoshNdNsYuwG0Ldl2mHAnuBl/wFtD1W04YSanwr6lvz.FVYdgjtSi,236-502-5213,1
226,"Holmes Overthrow",$2a$04$OY65b0cfxUMjYCmyGT.XGenpGxyVFNuWOz2I./bw6lsbzWEO6sG5C,271-855-6761,1
227,"Klarrisa Livesley",$2a$04$1nS8Z1BhIIDBofNopgdGS.BIszQmESztuJKefA1aWQuW/Rc937yHW,451-769-6658,1
228,"Dall Keynd",$2a$04$Wgq3QD2uJuO6rp3mN9og4.nyCdUTbRf.713h8C83oBQHTENFjY9qK,488-743-0251,0
229,"Lynnelle Guice",$2a$04$Hbwmzu92w7K7A/47lyH59eJp1ngeJHuK0h.13KgIyfbCvRLcaSZWW,584-893-2247,1
230,"Serena Baskerville",$2a$04$08iLvI4pCckgCDlWUTfm7ux9CwX4fjL8aZL5uYGM7pb8JCrQAPS5e,459-800-1776,1
231,"Nicholas Scothron",$2a$04$jSXnErg1Y7HYDg86VmgoVOMbDU8etk5P609j/Y33Ak9mLR7qXV/qW,660-748-8785,0
232,"Derek Massard",$2a$04$raR2Awa/FADzzX71XNvry.wnVQQk2urLlP2j8dVjVOCj/4BKwE23.,887-196-4794,0
233,"Rubia Batha",$2a$04$zKJqy95IT7KfY8YJVEhq6ezHbTxxehR7rBDwleznmju8dG6RF.EaC,808-543-7329,0
234,"Evelina Garmon",$2a$04$zFKyaE/D8d74EdLVmmRjduhzLRc2jfw5OJG4LgHe6cEJBWVMERISq,449-161-0132,1
235,"Conny Janauschek",$2a$04$z.W4i0pjmoSYG54ztxwmF.EJImaWbmLsducCB7vTuTIUYJvYAhP/m,268-754-7368,1
236,"Meade Sturmey",$2a$04$4Ek0QLvlJSd663niFNOzDuhnYZorK/KP7W1oOs61OGzc4iSCUpgtO,416-987-7894,1
237,"Georgia Cesco",$2a$04$r5ZTAqF4Hk2.8AsnF92Vmupfyw0uMJJq6xgzJVOMt2gLyfHVJButK,339-712-1882,1
238,"Philly Stegers",$2a$04$gYT0cT1XqsITvaJUyFi23.aZUEi/rFz0yIej1MQTzCkzo9jzANKS6,248-857-6134,0
239,"Janetta Louiset",$2a$04$2dMHfSJO8Crx2gz8lyKcieU.iViTlVQm6lIkQ4w2IfbjlZ3pkS0CW,235-907-2359,0
240,"Carey Claiden",$2a$04$iOczwdBUpnw2VtnmmBmz/OKrrCyoYTuFu3XobbCO18TZqBM6nbaEi,760-414-0922,0
241,"Maddy Parman",$2a$04$bK9fwRbMG1IFwuRCDxvTqO6bWZa0JlV.JWT7IojKdZjsnHLUk2BYe,226-304-3842,1
242,"Joaquin Axelby",$2a$04$KkKW/l5SMFxBMn2kv3NnHOGbSuEfJgpfRgVjerINNodTgS0i5J3qe,283-603-1741,1
243,"Norma Hanmore",$2a$04$LEfaB0ttDgayTcEpjC5yD.O2zQ9SPWk44HufDbo/BiZ24NXBkYr7.,719-524-3287,1
244,"Cleavland Fancutt",$2a$04$Any/H6/1VI2X9qSChOWH0uabXhTpSudT6JQDTsgWpLNaqmXdjchly,470-978-6759,0
245,"Fedora McGarahan",$2a$04$2P6qPUemqmvRSWre/4DQgu9wjFsdfxgK4.lUETYXf4r8.81f.CHQ6,106-502-6962,1
246,"Milissent Kopp",$2a$04$Yjoa3wIWx5UJdexmM5SaluAssV1rKhmmmVFVobOhu/dHhGHZKHl4a,352-289-6988,1
247,"Emmey Pleavin",$2a$04$x0wzDwCHP18A0hvXvoED9OCMjU7UEKxKAE7yj2as4e.EcxQPXIKv2,991-312-4250,1
248,"Waring Gibbetts",$2a$04$Md7Z5VrMKbHQttz7p0Yq2uneWN4clgiSyd3WPAKm666x4I1PXkXcq,780-288-7612,0
249,"Ira Halegarth",$2a$04$i8Ow4ieVD6ACE6OBmEd7oOVd2zppmA.rGa9rC4i4Wqy68RfDJQbdy,230-115-7817,0
250,"Nessy Winder",$2a$04$E.mIGNG0OkfgM24ZiXbJseX1b/2GiOOZKhqLaUz5QO.zba27N0ZkK,218-567-1140,0
251,"Vivi Borley",$2a$04$KiYGrEpL8URpd1U1Ec15WeNPpkj4VFklwS9yNE.Bo6.aYzdwOfjVW,989-700-9091,1
252,"Carie Mainston",$2a$04$UsH.JdLzBtpaUqDjmbvtyOV4foVsZrMX/Q74awbkC3soQYuT7D7bC,976-919-5502,1
253,"Bria Sebley",$2a$04$DBeVtg77zAVU.Q3GENpibezFjkDOflbC/FS/y4PjqfbbPznJvU/oO,617-390-9298,1
254,"Frederico Ickovitz",$2a$04$F9y.mrXWFeGJymDEHi3iVOiJMWOCXGci.vYMAzkHGRYA2GPFAd2ka,705-658-3873,1
255,"Tabbatha Cronk",$2a$04$rDz2YkpXiz4Us6hmmlIObue9fu3sbv4rIkaag1v80Y0m0y.tFer5K,236-382-5668,0
256,"Bree Rentcome",$2a$04$BrshK1syHEIdZYomcfKBTOex2Gfph9KL3D2eu8plm8HFt01dAxR8C,688-661-3070,1
257,"Werner Ballinger",$2a$04$aex8rl1mTL0r/YiXGRhd6uWKk3ua2Zq5uqr3.IyT6UcKsp2KHVeaC,524-809-9013,0
258,"Lyell Kitteringham",$2a$04$E7bJJoakKkBb5IpSkLGH/uJdMzzTpfCDGmfUD4.Ndy9VQd0PiUdLm,140-729-1854,1
259,"Pincus Huxter",$2a$04$z9P5kFXK6SHFSECAzM7Kl.L91UHpJ28mdflRN2wpqMq2BRWkSwHlO,911-644-9031,0
260,"Frasco O'Haire",$2a$04$uq.tlOoQgOdA3Xn61spmvej/Udh9QuWZJyyhLo5NIr0pkXMFYSK5S,209-938-8438,1
261,"Sheffield Chitter",$2a$04$xd5b6WjBod/i4pWf.DxaTeSUw88K2LZm05TR92m8Z14Y/EN5tv72S,265-234-4554,0
262,"Wilfred Harcus",$2a$04$nPV8NmFhiD7QxnLD6VzPfuFwd6ILEI0S3ey2dWpTkm5kCYrV4nLQq,139-159-0377,1
263,"Ring Bowlesworth",$2a$04$pigzSIrYC8Z9rpLtc91BEeO87Axd1AFxkMGz6nCG5vnV1GcFdL6Y.,748-561-7695,1
264,"Fred Simonaitis",$2a$04$GfW5lcv0AwqXP70PdFJz6.Wt3Cx8Xmh8AdDv1SNLgOYAbu5/U.tz6,466-944-1167,1
265,"Gregor Stormouth",$2a$04$KaaD0AeDl.MSebQ7tLEdUOKOVvLADsbymSFXQ.9h3ojxY5pIbdaUu,977-844-5954,1
266,"Lonna Philip",$2a$04$JW3DgUq5qdfmO8AR2EKz.er4G5ywy/SQEXb1LuuoY6WD.dlz4ruSC,718-792-3422,0
267,"Sayer Monsey",$2a$04$edaeg7.J6Fw9v98MiNU8.eKFMkhkn5nkiEBR9NdikNiRMNxoU/0wq,640-223-1493,0
268,"Ariel Blest",$2a$04$CwZWBWqsZ5Uo.pvzGP94tOhcYHKDWCqbOpXc/huDDEqx19EiIP7ou,655-150-6669,0
269,"Orelia Shafier",$2a$04$r4wpvRP10tlBVpZJRrGGBeWjg24w4u.Y7380w2qq3u/8WB1wdqNXG,442-176-0666,1
270,"Kaila Packman",$2a$04$2Xdygbv.9KxABdQ2bjdcquEiOXJEag3nKNfbrdbM6MDHzYcPDF/5.,623-189-0702,0
271,"Sid Potes",$2a$04$.key0AkP6CZrB1q0xvYpEOj0rtui3wdGW35K6IeVg6PT/uPXeJYWq,974-136-6278,1
272,"Lora Lehrmann",$2a$04$zvotiosWwiLjQ0MGNMPWw.nJQespInMwWQ0/LthUCLpYX7KqVuagq,622-787-6366,0
273,"Maximo Mollen",$2a$04$O1E.ykV87ioUixGo7tOOmO3IZreDEjYi8sY30Ozu5q4lb7oEh0yO.,171-337-9722,0
274,"Jinny Janouch",$2a$04$q92b2SQEgzf1lvM1iMlpVeAmnd08pBb6LbWH4lnhGMWAfgit2HJwi,792-459-4141,1
275,"Wilmette Noquet",$2a$04$dyvPwEMjApszyPbZa7UHfecYmxgkAh.OET6J44FBg9pDPEZieRjIK,552-150-7711,0
276,"Zed Valde",$2a$04$1qssQOLzsi0hi2uQ6TSItOVK0xMedgb6kyjGz.hRoL2Ei5lw8dKjm,217-658-4235,1
277,"Joachim Boar",$2a$04$BkKfzjUM6IexdcVOZgA3jeag.qY/mnCF95n58vQahUQ7Kp4J7ASFm,186-532-7298,0
278,"Serene MacPhail",$2a$04$y61pScPSgoG3kY.T0VVA0u0suPO9mRn32gfESfF.VffS/dSthGjDG,857-654-2500,0
279,"Wallache Portwain",$2a$04$/m/Mv175FxV3irMv0Kf83e4rdbFwqJSOeZ4Q.0cp0sEKnD9GXnJtW,997-758-0183,1
280,"Howey Gawith",$2a$04$tW53JdBp.annN9/immny7eXpUumIEFGVgEc5o6u.k7hhF5YzqaSwi,940-433-1208,0
281,"Hali Greyes",$2a$04$KMeb6vr4ZsOES6M25l/nc.LxGc6hbChzOK6p5Sdu6TYADwQQ4K8wm,400-520-6954,1
282,"Gizela Daen",$2a$04$pnNs6nybu2tDE6xCGNTzEOIq4r7rQ2L8utKMijH87wVNFYSlQJD4q,262-273-0709,1
283,"Jaymee Brierton",$2a$04$M4yNq7tINzrAse5KqUAOEu3oK.z58Cl1xFBh/VRowYFC/IYsC/QSq,680-849-8086,0
284,"Edna Baudains",$2a$04$VwTLPcm4pxBETNjdxQR2euc6D3HiA32C.sgvsaX88n5csHmioMS1i,530-425-6057,0
285,"Nanine Paye",$2a$04$fprsGyj5oWNqHf8/B8Qb0eyPa30ctk6Q2M6p2SKeYX4EBDy5ISfJm,759-933-5465,1
286,"Natty Brahan",$2a$04$QUOzhRM5nurf1mXU8cqYp.UwUMHfByRUgJTOgWKLiPsdzuZ9wLxLC,887-622-9294,0
287,"Dinnie Sculley",$2a$04$Iukt1iolBDQrGwKTyQGt0OMlJNTTt/SKrf6s3SQuPzHJeSbQn5adW,264-592-0909,0
288,"Orbadiah Stackbridge",$2a$04$dkuP4E6JyvUOYqNcMj.3xupkbjH4/JmcR7CYmFErnljdvxaZ7TSVu,638-798-8328,0
289,"Daphne Leven",$2a$04$dvNo2/9MIZuxOG1ryQYV7uwTZIRnP7onwjZG3x/DtwvFp09qHzTlG,305-920-8396,0
290,"Kelby Derricoat",$2a$04$Ef8b43IVjYYwgPale/8/reeHo5Bi0l3wW8A23pPFx1CRKmyV67rKm,536-414-3788,1
291,"Reece Minghetti",$2a$04$1.BVO5FFuXd.ZCEHyNS7oOnrZdJS/bB/1HSXvADf2Tk.v1PzBVZl2,221-572-6652,0
292,"Dael Lattin",$2a$04$SzOkbKYGIbqSTliu1F3DbePnb5OleMP7Of94q0FOPNH31BjNqoz7K,910-258-6361,0
293,"Candy Eliff",$2a$04$yQbZyFHg64V.H01V7nHTVOnvVWC73JxjB/qpF/OKVL.tir2fJj3Nm,618-844-4585,1
294,"Meris Papaccio",$2a$04$ylbeoKDNiIhvjwAQ0Gol7uox7IDk46KIo9YwYm54niyPUBiOfcBkO,553-534-1381,0
295,"Gail Diche",$2a$04$E5nCQhVAm48DXZWAT5/b.uDMn0LGxwDIKiSB2W/URNwhnLaPx1LHW,553-536-8515,1
296,"Hamlen Jedrachowicz",$2a$04$2qWf1k/4y0jYuaZ5eRiZi.zky/2djB7S5DYTKp1ihbBRV24IM68qC,193-560-4193,1
297,"Padget Wavell",$2a$04$CqNXAPca6ww0SG2/RppzkeKgluvTM9R7qiQ6W3KaXzLlfgRcd2Yr6,728-122-3444,0
298,"Bent Giovanazzi",$2a$04$LgHGflXtzT9RnVQLk3Q55u3yCRl3nXZM7mgRfVE7wSU3lWhSKGN4K,616-865-6440,0
299,"Jonie Tidder",$2a$04$t8KGnUe45Lgf1ArxJo2tDeZtXnqamN7D3eYq5DeJ0vrpJsSaeoY2W,324-273-2280,0
300,"Thedrick Yannikov",$2a$04$LubYuKDCiboNWhYulrtjzezyRgwGKY3XL9IZ.keVzqxn7e/Tj/qhC,183-863-2656,0
301,"Petra Doerrling",$2a$04$whe77mSUEknHXmd/GqmZiuyRvehO0X0N/zdmy0R6vAluPOGRt6KuC,705-914-6898,1
302,"Lettie Corradengo",$2a$04$R29dA1l4jCic3WQlerihs.kP7gRqfQ/b6sV.fdsNIRDP3kR26PdEG,402-622-1565,1
303,"Nerty Castiglione",$2a$04$NC8lYwHRJ3m36SNvoLIEBeX7ueHdcuUqlQkTvD.S8NUTgH0X9AQtm,971-872-3494,0
304,"Maggie Farres",$2a$04$L0.kb8yKK2iOVqCsgRckau6rMzyDq37kRZ7XDlZHkpwdxzAYnUUXG,367-987-5949,0
305,"Jacques Levesque",$2a$04$uXT3CMMUHRyW1u41sr819e2bgQI60J6tylRDPQrelyJ6uUMjAN3yO,675-697-6965,0
306,"Joane Fogel",$2a$04$9fw4cZC3nZvohsyugiFbWuer2k7JXQG.wWG.wKkRiO.SdSdoNPH3a,212-767-6723,1
307,"Nerte Pulfer",$2a$04$.mIA8yMcB3QrPlhSGdsth.Bj4dMbgqbkuXtj7k0JmX1L7HTFUvmdW,487-559-0286,1
308,"Melesa Laybourn",$2a$04$0WvyUh.3oCpM6SMB2eL9k.ZIehbCEyybZFzDA7uSCGaEGk.aTD6ba,847-101-4517,1
309,"Catie Gammack",$2a$04$/c15.jSo83/wMxRDNokwKOqAq1cj92eYtP5Btg4u25jQ5QY8of1Fy,440-986-8542,0
310,"Caroline Polglaze",$2a$04$ZNxrqf/avI4hYpV0iuj4de4F5yx8v0EVlhBPDFT1NX8YGE.Tm1AeC,938-131-4455,1
311,"Martie Ghio",$2a$04$Bd6/NkGs5ucLZl3IqB4xz.pBJ0ggCSc6ShmQ2fSDF9qtFubN32nfa,983-944-6629,0
312,"Amandi Allcorn",$2a$04$NHp8b7.bqSB.Tw6e48VkV.uR/wPZyC3shuLf49FAlZc92vZwEA5Qe,498-450-6351,1
313,"Greer Bottrill",$2a$04$2q26paOt.X2JRescnUUA7e7tUVWaPmPiKulIZ/HmHQ7w1mcn1p6PS,581-278-9108,1
314,"Christel Albrecht",$2a$04$aaOhC5Te1rzzryHIjI0jfeOzV2T36jHqM/DmoJNPEBPdRQJ9SnmR.,244-511-9147,0
315,"Eliot Everett",$2a$04$ZSTfcCYaf4E9xAUrYJwniunSRS7a/LjLGqC5o8wqjFbX8gQDUT.mK,533-735-9441,1
316,"Glyn Marlin",$2a$04$Y30Syq7FeD9UHeKbg4yLB.YENSKukuFalUJOOnYUDQVXmWEoVNhXS,431-267-9123,0
317,"Erin Wyre",$2a$04$hqWkpCBRSelaqOmvyF7hwu6hBHRQccqvc27JNp3hoi1X85jMpg39K,142-318-2133,1
318,"Sherlocke Coope",$2a$04$o.ocMDrWhizi3c9kGobvKO0jJplUcKBd5cUJS1m8XSHD7voiT1cc6,119-782-2455,0
319,"Leonidas Langworthy",$2a$04$PkC7wvCfb0oDUoxbPq4pHek0dU7N2HA9Ryozcz85sAna7kBS1bBRK,598-201-3460,1
320,"Lynette Trowsdall",$2a$04$h/i5tXUD2CrYzhCMBgyt7eZ3S3lpMGFkiycChrFLLB52LSUc2h98W,640-790-9088,0
321,"Elinor Fritschel",$2a$04$4FdYMKVNKhuy3VqL/4jBC.QTzLk8ZToNqaUzt0Mjc4Y79tzJESRQm,595-295-9615,0
322,"Con Mundle",$2a$04$UiZDYMkG8b1LuMdXgUWJAuCDn.1tVKrH3hzuU.74IUwINNECLKp7S,665-979-8648,1
323,"Gabriel Wakeford",$2a$04$BdWCs10oiqNaqJ0VELYINekqqQARqkxSKZ8IiuBSZk5tZoV05Y7Tm,438-166-7153,1
324,"Dianemarie Beckworth",$2a$04$diACiGIPkwErLcW6e3gk4OVKhLgga2opXGGz/d4a.iHyt3zoCv6WK,123-554-1811,1
325,"Mureil LLelweln",$2a$04$tpsNUfDyh8PEcZtY338Xeumd7mIgPatpPkrb7YZGPcnnJN2z/u4CK,627-613-8109,1
326,"Camilla Bentje",$2a$04$ieO.KcrLVndo1pfROObr2uG0TT5TbpJm4KI2uy.49QkHsNcwr/4a2,429-257-5671,1
327,"Riccardo Vasilenko",$2a$04$NeUdkA/KLbaSZBpnEGJCXu4JNqG8D/3bSJniwvi6VUTPxmhSsY6Fe,718-501-1289,1
328,"Ellwood Frail",$2a$04$l0ivHELx2A8Nu.E4RswxGuRESR7Vgs6rtLH4YnILMIEWgYDOiDGs2,289-874-4964,0
329,"Haleigh Dymond",$2a$04$yzeIGwgtCtPcl2vu51lUn.FbHwbN5dFd.9oxs.cfefacWcGwe6BkO,799-177-7703,0
330,"Bliss Bramhall",$2a$04$ofkwXiv4e7zl0pOLfAMdT.SQ9fSW0n7ddZuxxvfZ5Ja6dwgsD85/e,783-807-0951,0
331,"Cindee McGinty",$2a$04$NKSv7K2mQ26LTdSMb9Mwq.Ouy0ceP4AJZRkqoeBDYkCl/nyGGe4H6,212-912-1625,0
332,"Hanna Eglaise",$2a$04$zmShvGS6sM6K.rXdOU6.IuPFOeAf2LGqV9dMwN2taYMgrCB4yGTKy,132-634-4953,0
333,"Isidore Winkworth",$2a$04$pcbWvPBdVdhBvBvgbhaCmulEVS5oDlOy/cO/QGafUpkVlpEIUfzn2,512-470-5560,0
334,"Mirabella Kennaway",$2a$04$87RIF8NxjUl0nDffBFhz0.1qBtsYaScDVKB6W37eLdVY/Zscguifm,359-398-8972,0
335,"Janenna Sedman",$2a$04$TdaqGvdbbN.GR7TiTTQav.QTkMDgxtADVH3AetCAGcSvb/JtVsJS2,868-125-1376,0
336,"Raimund Smewin",$2a$04$sPsGmkoRNMYaahdr8OyzxObxlvCuxdOFfaC0nIUQ.NbGMhvQhebzm,306-806-6182,0
337,"Berty Geraghty",$2a$04$KHOshGHjAI6Ls4bHbozF5eHzoYlNEcqvn4lJjnsGMZKhvOgqo5dFK,186-602-8833,1
338,"Lief Aizikov",$2a$04$6eoavxqdsf03M8hip7wa9uyGNdpqQxZb5z.vhP4GotPwJGjYdhhKa,375-904-7121,0
339,"Duky Heinemann",$2a$04$cGEvrgOkCR9TowMiIV8fXOhNlMwGbPO9xWhOdu80AGNxj1ipfUoMq,778-302-2705,0
340,"Merilee Brodley",$2a$04$JdWuqmnIrTiBn/D3tt7fVOHtfSo7lUm4BrJLk4Muq98RO7BdVN.0i,316-299-7359,0
341,"Mirabelle Mattosoff",$2a$04$KyWbvrbgBgaziKjUya1zA.Ypx9J1C.0CC5ZmMAK5KA.r6/dR3wRLC,759-530-6095,0
342,"Twila Whittock",$2a$04$jsX3VHVOJQd5FnxWBtONjOE3fDOr4XUI2hrED8m0POrKpGmw8OnhO,856-558-1034,1
343,"Marne Boice",$2a$04$HPjbInI6QssOry3.k7s5NO7hjXpasibkKyYDjASy7qsGXjnd9IrFq,571-237-9784,1
344,"Emmit Detoc",$2a$04$d0aJXI/HYRdp2dJhhHlzSORQGUeVyhe5DbLw3PMFyaw1jD8SBn0bq,138-755-7528,0
345,"Skye Romanetti",$2a$04$yEH1cvHuHRPQAmRUYhtqWOdKvTEIIkn1l3aF5fOZhstqIKzhOaLW2,310-855-1008,1
346,"Renie Renfrew",$2a$04$4uti8.Q7FOSkW1TBXijhi.yLPic4V.n7QwaawzBjrXZqWk7ZUBawm,903-887-2402,0
347,"Addie Elam",$2a$04$FDQi3jiYoit6egX2rK/I/.iSfyqyLpJqDbg7PynbpureX0ajLGWPe,903-610-1870,1
348,"Darya Erangey",$2a$04$T.Mkn4WbHl2WxF.J7kQvwegPL5sMnXbn1lq1MVoP0udpldWRQFM0W,925-421-2107,0
349,"Timothea Rebillard",$2a$04$tm1esQPNOVUKbac2Ujfn.OCUsdPHxxBUN2C5DIZoBNnRQnRgKN1iy,604-662-9744,0
350,"Lorraine Bolter",$2a$04$Hq7LGI1EwechjKO67QVHf.3tog4IIMjUv8IXBnVjyzELv.sK5i8K2,314-426-7540,0
351,"Bettine Gorvin",$2a$04$VzpuW2Cm48MUuDWHqgGzReyL5b/2nxa8DK0iw06O7Flir3Dq1EOJu,272-251-1820,0
352,"Yehudi Blackaller",$2a$04$xCyfgVIKAosPa.0o6LVfDelQYcKvSH8NT2WL7rls7S411ZCWvY8G.,987-460-0860,0
353,"Law Meenehan",$2a$04$FefaNHvIXIPEAuknFIRqNuB94vnSLwlxYekENADhfoNvr1XaWzL2i,193-566-6671,0
354,"Clarine Chivrall",$2a$04$452tCFrxupydySqF6WAdNuZC8YRZrmA9GV374i/nhZllMUw0JbiHG,929-907-0963,1
355,"Orelle Rabley",$2a$04$sdn/GAERmS7J/Rz741esneoXYI4S6qd9J2VE/wiNNZQs3uU9j6xMS,939-484-8426,0
356,"Ashien Rentalll",$2a$04$IQLN91lq3C2AKJU.N5J6J.R6bkMZhhzsViO3t3k0DqH.k0Km10pJ6,387-877-2058,0
357,"Deena Gilli",$2a$04$zaVlIvccfV77rqoMYGr/tO.CbC3X1QGeVqnli0r6MbSaAWBw4Ik.m,708-960-7467,1
358,"Arnold Hachette",$2a$04$mmEUjcVJb2wdjfmwak8vr.H3tyTjo5AhA2ALP.dkWDj2fhfTiJiv6,667-148-4677,0
359,"Dolorita Struttman",$2a$04$u2tWJFaTarBUg7DyuN0xre3guBAVDb7DVVXZfqYGZ.5iTdQPs1apm,522-499-3915,1
360,"Alf Leeson",$2a$04$Yk8QKspXDdBc4XVBc47cceG1eItZdpU3/vQyMCd.yautNgAcKZDPG,283-851-0675,0
361,"Zackariah Renzo",$2a$04$HyZkVo.V.a.g2h0OmXRLxeJQzgMwob8gGGxCXaeQ/BE8tVhahz7Fq,843-632-1547,1
362,"Bo Clousley",$2a$04$TQIEO7eUcKSpR1YFn/aUUupDwE6MRG6aMZEz6CUbOM0NckiHfa3kG,135-487-7593,0
363,"Iggie MacDirmid",$2a$04$1HU.JF0zliBK2NeFaADevOOjKjgzPUtLFAYgmk.VWv1Cnyv8Ij2F2,953-447-5043,0
364,"Xever Eggleson",$2a$04$3SATMALmISBTU9XqvxEwVOesqyAmoW07DcW5paI./Y2ROpLkNt4Bu,949-166-2885,0
365,"Ware Ancell",$2a$04$0DkR2mfpBD6Cy.HkM8COv.uWyvWsEPGQkMB0J99hLdcMt1kiq3pAy,260-811-8455,1
366,"Bryanty Pidgen",$2a$04$Vc18n5tzz/8erds0uU5T5eLiVWux13niwLDMlYVADGVbDIVro8bgC,299-789-3897,1
367,"Aubrey Wallsam",$2a$04$EjnwM.0s35RWwHWwVwOboudACHWWLCN1GkvMuLG5c5y0TpYdP8VT2,493-314-3452,0
368,"Prentiss Weitzel",$2a$04$B037/9SVjVd8S9mbSQiUA.13VqtzCGXjH1oZVGHHbMAOYFenUYo4m,507-664-3668,1
369,"Ronny Emmott",$2a$04$An96SMEY5InilZj2ZevDl.ftvEHOtvMuIegKUTaQZmHbBpT7ZftjO,765-166-4859,1
370,"Mathias Lemery",$2a$04$qMzrYCkbFHQn0Mn6zqEzCOhzxedYxmwm8iINP6jopsL7Ty2Z/CooC,627-375-0075,1
371,"Ruthie Tetlow",$2a$04$dia3zLQ3XJveP07yuRMlRu0mAK9aPpcZCsFeINCzTRrRHnJ10boru,888-529-0412,0
372,"Bree Buttle",$2a$04$dCc7wwq7reUmDINFsLO7wO9rOCLE4HCs/3ncY6gnJfJJMZ.TqlxeO,181-396-2488,0
373,"Deck Adicot",$2a$04$MDjWMNHJW0PlEkbko.cF.esnYqbAJIKY7/gph143s377AacIK8bSS,686-899-2198,1
374,"Zaria Dummigan",$2a$04$rzAx4rttLRPFsrpPM2rddeqEuMqKl/rFpc7GN6.4D7Gsjg4jXhx5u,458-225-7740,0
375,"Michelina Langthorne",$2a$04$7Y1YCT4ghReGYLhQRzeZdeXRImLJeHFipwt1FvnMTsmGlbFq23Z0C,546-626-3664,1
376,"Arney McRae",$2a$04$m.1rp/UZiQdE/phjGMosDuZwbq98FdHEZ8uTY/LGbli1rTk./FSvC,414-729-7773,1
377,"Brockie Mattheis",$2a$04$B8r4HQ9WMDzV5C23I8RiaetI508ojIeGcTv8jxdD8R.OhMriLh4wy,350-318-0992,1
378,"Harmon Burfield",$2a$04$x8a5SmXu8eVWgkhH5k/whuBg/YD.fA90Ehuc8BWFN/3dZemO5d1He,718-667-6531,1
379,"Matilda Keepence",$2a$04$FiSONwph91R53EZ6n0zIE.FgeId3ER02K8VWZiygQWKBKfnbtBK2i,722-424-7120,1
380,"Fay Dowgill",$2a$04$5ZKszSfsipuIm0GniKXWXeqhIbqQXx8jlANzW0SYmm3w.fOm12H/.,395-686-0426,1
381,"Bendicty Bellefonte",$2a$04$ywfggmqRiDVH1d7oIHUXn.NStr7F6X8iFUZp8dG0DuxqOw9lWmEhW,487-397-1600,0
382,"Eugen Sighard",$2a$04$vriMqIqhWKCeGMwNqfWh1eqbX2PO1PPmN9bGIEX0BSmk6Yhbmu.CO,567-406-8057,0
383,"Elicia Bischoff",$2a$04$dMIitPL7/uKZXRZNX8.ZSeC.OFVSLYZVrterp/v1lBXI.Ib7.siXa,340-266-5242,1
384,"Corliss Warriner",$2a$04$IzE4ZHJSBfRWYmFSnu0ByudYINfKeIaIBZ/yVOF9XancvKkEDnXCG,940-434-1303,1
385,"Marina Wigin",$2a$04$a3ynaXzuscpJ96weMWoPQu9Lp1RVcPqdoMkLtgOLbVz9Ir4RY.nTG,189-913-7326,0
386,"Kaila Dumbare",$2a$04$gkxfm3y5MjGWi6u.duqROegCGwasHKKhckQiQwp/MI8aPcD.Lj1d2,672-960-0295,1
387,"Chicky Derrick",$2a$04$KMdCHaYw5a5IkLL8ppWcV./5Z0gRj19bk.Z2PwpDfn6BOTX89774O,893-484-3271,1
388,"Vivianna Sangwin",$2a$04$pcHlvxvdg0mmxCRfIvYCVOUbPzqGBKslZbdC.i0j8t0Bdm.qWlnfa,512-457-3717,0
389,"Veronika Egdell",$2a$04$uiyXqX8OdKannukovO/xx.jQWqSAQwT9OoP7k5sbx.TR0.nXLC0pS,732-561-2952,0
390,"Nessi Scates",$2a$04$5fpJiO00lDBp6fQ4n8XnY.JoC7GO//0PY636fgKYyfgQMM4lEqhPe,801-874-9591,0
391,"Frederico Simeone",$2a$04$7Y04l6rhtV9/5.iVl4vkY.Lp3GsRsyARD4lyBYT.iwqq6JGKKu9xO,452-403-5394,0
392,"Vinita Lovat",$2a$04$6NsWZltuusMWjvcQE6icjuZNKxZXZR9hIvsPEhqeKKZE.VFELs9Um,159-851-8711,1
393,"Saxon Grzelczak",$2a$04$QK4fN6Ff7I6rPNJTnhGPCuILyi2RnR4zxEgbcQuV9L78HIjyxeX4.,623-521-5339,0
394,"Jeddy Dallywater",$2a$04$yYfDVuim46s3D9zxccLCsO5YEb4MXIP7Qm91QfcTZTeIMfWX4/ATW,902-429-0947,0
395,"Isak Terry",$2a$04$P6qoshZRJ2lRVeEICatZc.bblLZZA4fyV7JOIrx5EA6/RnwTZnImO,462-351-6460,0
396,"Waverly Gittus",$2a$04$iaKyff4XO7p28cwpXEZTiekmD2LIsiKqMxvcs.HYZCKCD2tDrc2gK,624-502-3710,0
397,"Perice Henaughan",$2a$04$BR9CH3C9Rk8PHiOxWRhO2OtvCH1l8SY1mPgO6IaoVE1gR6lc5OQKa,442-484-9206,0
398,"Dru Lob",$2a$04$2LpZfdv2nZpqGkeECTSBZ.1C6Ep4NUtppiLGw3S/D52zheJSoZHau,679-364-8631,0
399,"Tynan Smout",$2a$04$0ECQgJrhOw07DPYvXfS1qu6LcLnhDO2OSJkl4Ak9zWNqwwefwauEm,421-828-1271,1
400,"Cyb Bleby",$2a$04$RTXMnM24063epesRkoZ6seNKKpvhg6P012TLh4XVXmhLV7HFAkXVu,274-790-8720,1
401,"Violetta Gerling",$2a$04$EqT9dd9RKyvkAQAeR/RiRe/3KKLYv1P95vEXpTgMnRqjcOrbEKijW,139-172-7492,0
402,"Shayne Le Quesne",$2a$04$TOZ1Yc47bCQALq/rDlgRYObmBoqyRc4HEPFOp.Ln64eSUbNEiKwkK,482-714-5438,1
403,"Naomi Dowse",$2a$04$Yb41D7bEbGZU/o0GuX1D4OgVHwJiTwUDXO3/TwPI1mVLfnR9ZoUwG,855-696-7573,0
404,"Mimi Fri",$2a$04$d.ugIWisT391fqRX8QTN5eFWXToog1SlqxU2IHoq8U1e8AdHivdG.,908-122-7853,0
405,"Dorey Garcia",$2a$04$8ug0wNbTirVnmd0CN.a/gOU2uKFe954BlxcrBig8C/9P2IOvGC3he,702-326-6941,0
406,"Arri Cabedo",$2a$04$yKVfHlFF.9qjOr2vP8BZfu67rBULmlHLxvNM1w/KpwjtaSZKcTs5.,318-525-5922,0
407,"Carolyne Franc",$2a$04$D9nEAFQq2YnmLy0crCq2LucCy5S0YOg7zyIPPANlNerIE0NgaplxW,113-507-0583,0
408,"Saba Hasney",$2a$04$c/SjY0kfdpeTlPlBMlMrZ.8UzCJKlgzpnoLM2GlDTdBedLY1VJBHW,370-288-3273,0
409,"Tarrance Lassen",$2a$04$vAizp8IA2a9WmXZw6wLA9uJz9mYsgqUzI7Y8zUcTN8VgfTk/NF6au,885-276-1018,1
410,"Dorothea Aizik",$2a$04$APm4cTkpxIp4Li9glrxfFOxlVltvEeORv9x6vj87SGP7v4Bcq.iQG,916-709-7352,1
411,"Douglass Lidgley",$2a$04$sgfNqGFzOquj4pHtDET9QeVDdreCNbXrfoegDTFt6ILO0ygCRaqOy,460-536-0759,0
412,"Honoria Cudde",$2a$04$32R28YU0IWNQCA5NIo8opu8ZzQsn3ELdkBPXSJ3fiQa1NbfUi2zK2,595-358-8943,0
413,"Cary Cardno",$2a$04$gvIN/5pglS2/L93OK.hfNus1xy9H01Wv5J84St/9gG5ev4WTmOAi6,638-761-7864,0
414,"Nap Carswell",$2a$04$6DtxbrQCrY3/rVANjVbs9OczIyPN.BPndtV/iMjM.2fROgmxhzEc.,437-285-2474,1
415,"Opal Cherrison",$2a$04$pOVIICo6uvIM152DrxaXk.lyx97pU3SkNd6ZM9kBQsXl0.dKEMRQe,465-760-3920,1
416,"Lari Kubacki",$2a$04$dgu2mm.bgM8sSSlmSK6mTOmEmyHLkhCD5H0p2XOFqe6u1weTHHAhK,812-162-9535,1
417,"Nicol Nelm",$2a$04$ztaIk93mM.UtBY4J0ZJPCeu5cfd2CGypIh01DbwtwFjJGoazoasna,350-538-0311,0
418,"Jessamyn Sauter",$2a$04$3qwxluytq.pAZ/RS1v8SYONGpfuHakj5VpTYSl8yXITTyrBh7LKrq,536-351-1202,1
419,"Brewster Stride",$2a$04$tO/AVnvfwxI1TPD6b3qBG.qPvZOht/vWLKLScrlXwLvKPLgOdsJtq,643-686-5841,1
420,"Beilul Fawks",$2a$04$.WCQDFJqKLHU/o3MhrOJ8.7pWxKTOcrf.RjO2mjt2JcqnVpEJ55pa,119-412-0204,0
421,"Hannah Mathiassen",$2a$04$Sb/NMmijwnQvBaLUs6r1POYgv8C92doSRDyePXYn0WYCcA1YfR0y6,880-398-2293,0
422,"Jarrod Himsworth",$2a$04$FSUnL0Ee/pzvyeurQVga2ue3OXOo68FeJsDzilr8vzxtwpONE3Fmy,594-790-4523,0
423,"Cammy Bemrose",$2a$04$QpK2U7zYxK1ZYsNQieva2.NMxE5HOkjPlBLfQDK5qqJ.eSS9Ent36,266-953-3140,1
424,"Addy Poynter",$2a$04$LP/HQwU3OhhtjoUVhtutf.tNZ3wQVn199NGwoW6MyW7Vj8oIGIDQe,586-977-9634,0
425,"Edgar Marcum",$2a$04$TgKijm4RmgCxImxKX.tsvOaeVNDTyUC5FOj7fDINF3.f9F/cINGB2,421-329-3606,1
426,"Edouard Gonnelly",$2a$04$GFwoJfQ6jx9dPIuoEPEJkO.N6naYMDnzX21hWso1o7B9kprN5a4ti,441-410-6704,1
427,"Rivalee Olivo",$2a$04$1JcqwM7zAGdggVu1s/DT4ulpyCQjy4SILC4oVCPe7UMGms..iN/Km,985-759-6279,1
428,"Herb Colbridge",$2a$04$DtVbPEQPp9CAYh4sQRcOQuiAiK9xF7FGHPD7NXRndVFKTukGfYPUG,955-516-1507,1
429,"West Dye",$2a$04$rlBvp5V.N4y04F7kX1Sos.nZ9fJ8T.87kz7JvND5a3NHZZ5AwdJq6,577-810-9444,0
430,"Gerrilee Cardis",$2a$04$BXJDiswRR2c8e.EPadBKTe2O8/6xnmhdzHXSIy8MCV2WrLr7N/ZWO,786-335-4480,0
431,"Nickie Kurtis",$2a$04$4YdolhzhyJDjer3zQVGF6.dSUYgZoB8pbW32uvp8ZvBRYIa2QFu5O,363-845-1874,0
432,"Beck Micheli",$2a$04$.Y.Abdbwa7g/L/xovyPqf.3Cwe3vnoYyoLWenx9eIuxntL9XKrHkC,272-571-8683,1
433,"Rochester Lovemore",$2a$04$6Up8s4tbJH1BSuM7lVJ3yO9Nu6uHK9mAzBd4EFgrukQrTxXrzo3bS,517-132-6848,0
434,"Kent Ashbrook",$2a$04$FYon7NeD5adZ54vmtg0zp.Rnr4b3QdngshT6v0WFTZvwPxwaqoqnm,375-522-6615,0
435,"Jeanelle McClosh",$2a$04$6EOdtE1Z9ZE7Y4TdpwwO5exc6pTG8JzA8ED1VB.zhsy1XN8OD06M.,901-548-7820,0
436,"Ruperta Schule",$2a$04$eeBmz2LD/bN0.pY/oay1cuR7Tp5O8ERo9WNbQ7zets4KzFMTR3szC,878-251-3590,1
437,"Loise Bydaway",$2a$04$vy9I1dWJ5.UqE65g5Kk5wOw01QvqEYp0uVty7e7pgM3YebYbJN0AC,408-651-6028,0
438,"Geoff Redholls",$2a$04$sL6Xe7g4WnogvZlRnTi2xOTGrm2ZgUL5eH3xzPqDa7a5cNs5dCi.q,198-944-0714,0
439,"Cooper Harcus",$2a$04$eSArp7vw5IKYcRcC0FuS7utPt2kkOyPmarCStMgKOwIghTmDcCDq6,783-511-5797,1
440,"Thorny Freeth",$2a$04$zzb7qy4DSLsGHgwnNk8EW.cyzp75wuzu2andngvztfAnvh8Znsc2a,728-371-6431,1
441,"La verne Ballance",$2a$04$uNFJZAdHiZPjXt8TKvzYj.cq0sEu0Gfbcp6Rk98PxfE23V3Ebb55q,945-794-2759,0
442,"Natty McDermott",$2a$04$7yHvjWDBfcNUKd2CqaO6e.GLwvYG0IP8Z1SBMZvHnUYNda629DtZa,712-796-0244,1
443,"Gillian Wabersich",$2a$04$gcDtQUjJNgG7Xgu43OYT1uhWJE8XXAxIQmrKux8oAO.BlL9TmxE.2,568-915-1107,0
444,"Farris Gutcher",$2a$04$M2p0.LBl/egVfVz3CgM4QuUYuTwSRCN8S6pn7NM4/MW8S4XCpT6au,455-811-0989,1
445,"Donal Scoggans",$2a$04$VTZVDkbynKTYxGxysoLVG.EiPF3kPAlolnkVlAN7f2EI.MjW2xGwa,467-260-8266,1
446,"Karl Streader",$2a$04$IlkuWVdKOqp189.52m.4tOJCYlPDwP9N33NndJmzLDfgja9eTlfIC,428-371-5076,1
447,"Yardley Maymand",$2a$04$l5/Q18oxZ6s8Myjk.g7r0.Ta4X/Inp4ega2VIpvo5kVriFHKSB3Jy,928-392-4051,1
448,"Chloe Killoran",$2a$04$Y.Fw6n7UUlC09ptOmRqg2.PYLyN6jhb71pRpnhgAZfKuzeKYHJTu6,739-143-6216,0
449,"Antone Joyes",$2a$04$CSpJNBqUtOZwcvnU55pRSOZTLllE9qR3jru/ANOQX5oNEr4Nj/byG,412-241-8486,1
450,"Fay Divill",$2a$04$SFmfSwECAKqPeshrzJbk3.Ov1F0xNNhVYH1pUvNeG5JJVPz01kdRC,897-951-6537,0
451,"Letitia Aidler",$2a$04$8MN0OttT4DdO.etbK0JRD.XCtOujVnqOqvczm1wIEJPkx45RxiQ3m,328-615-4573,0
452,"Kathye Simeonov",$2a$04$WgnRTVpOJ2zvND9fVJcHmeI5mms4XAo.iL6QOw5MYm8u337Kfowiu,594-100-5256,1
453,"Lawry Gyppes",$2a$04$pPokbXk.0U8qLpdqTJVi3.b4dKV4.ftkE2B8qpax1QLXGTBrtdzma,552-514-2882,0
454,"Laurette Onyon",$2a$04$bfYAEJn37LEb44U4eSeyc.jKou0YB2bwruhsIBuQzO9tcYLOhMyU2,534-806-4205,0
455,"Rona Donati",$2a$04$BTA67fdonzIApkOxH/mFVu/CqS/dRX3TBbgkAFLn87CJnry3LRgLm,619-202-0386,1
456,"Corey Bonifacio",$2a$04$DysVNLF2Eewbe6jsr0CD5OkRNqUKLrWr.TIq/sIOxWejMsWuQ1S7u,476-634-0101,1
457,"Erin Wathell",$2a$04$rvWrfPELQMDBv.XEpy1.HuZYFgF3lyOp3bi1mMg.gO6QOp.tU9rMK,844-850-4464,0
458,"Monique Beirne",$2a$04$10kLi52/BfcDkZ3wDwDyduT8s52osxhydb8is5cSWxyEfzQgxKppq,710-708-6663,0
459,"Timmie Viste",$2a$04$db8GKXZ6M50OuIvjamY7zeUDOGhPBkugH0d6ZJznkNNmpTLX8w5HO,710-313-7704,0
460,"Chadd Metson",$2a$04$.13xn/FwB8ihpPEX0/hSLegWb1YWp/e1Bcu/7gpx/91O/kfoUbm4i,802-623-4600,0
461,"Kylen Scandrite",$2a$04$AwmbSPkKIDA1vRPBUMsCMeHwq9jX7AIbZjCAAhlP6hn1zMHhG2qW.,323-753-7623,0
462,"Ingeborg Sundin",$2a$04$AEOeI/d1NpzG3hn.a.XLse08arYFBreJ5.8v8i7RF.991wyn2tDDm,444-731-9728,0
463,"Roldan Cossum",$2a$04$WEsVchZBCipxLWdaICXju.8B91hcW28Z2WuDlRMm2mVnDnB21XtE6,777-571-8432,0
464,"Edd Trussler",$2a$04$.qpTp2dU2vmteq2VjGGBsexkmKc6Kb16cPW4a.m5bO4pUyb3LbijO,249-217-9244,1
465,"Ina Leask",$2a$04$0mOg3Bp4ha9XddVtoiQ60uOLF7DL0lg5H6.VH4sIwQsvuRxfHSK5q,678-628-7074,0
466,"Camella Carrier",$2a$04$LqlNOXAElTI2014VKltT/O5JL3Vq3zzlZqbbAz4xFu/1ouZaJC70i,366-551-8171,1
467,"Glyn Dran",$2a$04$B9leJ0.dfHUgHsEj5.VyY.M8hluYu4HVO3IEpD6Sq19dzFtbLwgZu,184-811-0196,1
468,"Tiebout Annwyl",$2a$04$PnQ6HJIkLllaByx3QvIN3uM3CxxLvwEu1BEc.gSYKPTXYCPaBbnXW,205-226-8502,0
469,"Demetrius Ryal",$2a$04$WlT3NAjHFN5IGm6tenq0ReqOJmVDnzjBoKm.ShRtLLhMveaTDeKIC,838-563-2036,1
470,"Marris Skeemer",$2a$04$fdF/7a2id2yk9qBQfRceZONkUq4HHjT33q4ppDjvvUg5Pl0xR9XYm,593-381-9542,1
471,"Louise Ridde",$2a$04$5pou9F8O5Npr0l1IB0hGQ.7.KuKdcTWHbOyIQSd8X.IIQ6DFxY.Yq,469-131-2022,1
472,"Mozelle Paur",$2a$04$majhtq2yUaOPTLTwhdJ94uCiM.DyI/hkuvnmrLairpkN9a92jSOrG,753-429-8226,0
473,"Nikita Skelbeck",$2a$04$DT0yatHjv4/8DnyIWlAB5.AHNr9u63sSWwuYmT9sx06F3cvWefTOe,139-450-2664,0
474,"Gibby Marcq",$2a$04$a0an4MZNqJRjiXAmWVlOluw9AHVFHfEVeFDpciFW0ThAdmiPeMFFu,556-742-0174,0
475,"Robinson Savaage",$2a$04$HZvGheWcocZiFCs44wQaoOIjacj8srfa/Hrx6O63xiKcxVAKWizey,446-893-1109,1
476,"Susana Burchatt",$2a$04$Tu/7nDgFiyY2RASRMeeyIuFVm1hJLcoXkrTGnXDcv9lhjI25Q.SdW,645-839-8122,1
477,"Brok Paulley",$2a$04$apWBec2h9ETCyPtVa9EZX.WUxL9RfdmKasbLnoGzWiOW6LlSGtfa2,342-785-4692,1
478,"Rick Begwell",$2a$04$VQhJF0Q8vko1IeVHLB54Ie1YTgRuSolEn7LKVvOP12w4Bi3BBZdw2,200-695-2818,0
479,"Cherey Crowcombe",$2a$04$DFdP4AMp0yDFL8STlSFdyetjmWEfmiHGSmaIQ6z0NrGjuWlwAH/Uy,949-838-1320,1
480,"Pall Plane",$2a$04$gVIOSYvjTn....Lc7c1oR.aB5nIeOCheukebGjhqPpC75sky5Dm6O,415-852-6133,1
481,"Panchito Eakins",$2a$04$oqWmBycLa2HdlUdiY61JYuBqpCAvZ9Edj2Uos.jMmMf9eLtJoGqBq,120-532-3598,1
482,"Margaretha Haversum",$2a$04$kQw9ltpQq2dhnY6GN5RCpeGP5nsk0d91Ko9uwBqD.VoEZhqd9PhHa,482-675-8994,1
483,"Urson Witter",$2a$04$03q5pjbizWkTL/.FOr3vhuL0Slp0BYxwf0LxSxdw3bQ/i6G2zUnEq,521-677-3200,0
484,"Heywood Angeau",$2a$04$h.p3GKjgurxy8E7/SHHiNOI7KgE/0nVd/sLJqWb29gsN./mGxy06u,469-202-7499,0
485,"Obie Arnaud",$2a$04$HOrHr..o60stItRemX.fx.HTLiWQz7ejNRglrjbRw1bIpzUbasYrq,640-537-6488,1
486,"Yuri Dyhouse",$2a$04$Y2/sPRLIner56o9n5NmQUOj5BakidpApxnJPE53AhNrh3QOIZBr5i,872-310-5228,1
487,"Marlena Assinder",$2a$04$prbyano7aZoLimtEgV1ooOB1jL8NsFSlkPXPeNiASfh6c6YCgQ/Ku,993-434-4320,0
488,"Chester Kohrsen",$2a$04$Nh9hnJacIza9Z9ALGhyiL.J.l9rgR0WuRMMv..IbhCR2NfD6gGpzy,657-753-2571,1
489,"Forrest Hubbock",$2a$04$vrr1DAUm9IqUjCxb7E2.1.H.u.y77MO7gSPeaCS4/RU/rw1TCltzW,586-275-1732,1
490,"Tades Tousy",$2a$04$cj2mztTTxWV6Xf1lDtqSyuxdeRAuXpwrYsj5CkaSdgE.f5nWSsBGG,401-605-4935,1
491,"Lynett Sheahan",$2a$04$cQcYfzDyxGdxEKWkEjMpCeKLDhhsbzMXzuuIPmDtBsZOJhnkzZWD6,979-238-8060,1
492,"Myrtice Juszczak",$2a$04$fTS2wpLRuC7p.YM.ZvCOcuO5hp2rLgwf3IqyTqfVja5EMeYDMBTNG,357-488-0115,0
493,"Rae Yokley",$2a$04$cvJWr/5GhfJk4XbA8l3VkuyMZtWI14WvA4fUwrB.yxSxytY9QnVAa,295-223-4637,0
494,"Araldo Nicholas",$2a$04$uhGRxX4KetLejrp9tSPBUee1Y8GwD/vrf7DFd3FwkTG6ffCaokGZO,921-166-5126,1
495,"Jefferson Novis",$2a$04$I5cGIvrjra5tCY1Hscu3mO20zP6r5awnD.HlQ3MIOC8LS52PJcCMC,235-465-6560,0
496,"Winn Lyard",$2a$04$L6vayQOY7LBM.sUQTledbe22uuY2dueIiPWom3DPoPCBFNr85rgTC,468-619-5114,0
497,"Bel Vedekhov",$2a$04$cbRwiSFeViG0Sj6zzI328uTsUEK8xVnJkKsKE8XRxmo17lWoctMUm,354-921-9958,0
498,"Kennith Fonte",$2a$04$I.EWtOTJlWSPe21ZN0dDdetR/mE24MHCR05Wvav5.R8HmjlJ64x4W,401-765-3706,0
499,"Hersh Berthelmot",$2a$04$8EC8kPvtppRKdNUaKmDFZ.yUn3oDrff7.Qbxo36FLppiqgb2hutSi,931-738-8068,0
500,"Marietta Hiers",$2a$04$4/ssu2dRKZCglN0QIlKnZewdtU6kJQ2eOD4KTckVLxKErikm2NlM2,482-688-0316,0
501,"Chick Klosser",$2a$04$tGpKKEGCclsGr4N14XEGAeJRpB/DTSb2hvY/sFyAbaPyYX8i1HWIq,789-774-5498,0
502,"Abby Hatje",$2a$04$IQajfkgACdOnFFCmTeDQMOrQpjp1US4vo9hZwC07axEFOqUcjxkW.,182-961-8800,1
503,"Luke Pitt",$2a$04$8Sj4g/3xJ2xQT2BjwNzFpez73uDlUqmsXKQhQVgPWapkbexvKTavS,959-476-0440,1
504,"Martino Gusticke",$2a$04$vgnpXL8R8oETLIGXAEjGKOrHc4fOAIqkJPcRU528VCzowMk6FaPvS,725-144-5411,0
505,"Con Lishman",$2a$04$4LMUv1vRYJfZ3TWlULufde6P8SRH0yHzWNcn.zLSm1N2S.k2o8eHS,733-214-4691,0
506,"Marie-ann Worrell",$2a$04$.ztAUEHWoKS9BjDRuMgiTe9WEh4kZ60GePXqN.gr.RTGP116JhHuu,586-283-6840,0
507,"Hogan Fanton",$2a$04$kTsKLhAkwnPS08EgvtOcB.2RRHW3/sLOQvLZMzlGIDkVx72GzdaMW,481-317-0053,1
508,"Demetra Dennert",$2a$04$FN4A.dztsK57hHJNiuVuV.I4ieB7Dh1DiuvYrRZ5wERbSA4qf6nwK,509-389-0479,0
509,"Noreen Brittoner",$2a$04$D78q5eYpoS/dubNErO5mI.yLiMSMTjZRqQDsM5hRSzNf3TCfieuIO,948-193-1859,0
510,"April O'Keevan",$2a$04$YLAt4r5Dej6fAoReuBJRBOXS.3SZ0Wtuo/fp34HsMsO6P2nQ30Z7m,725-249-0377,1
511,"Currie Fullman",$2a$04$Gsjvuc8BK9PJeXcp6s.Znui8FpEdIH8oZ3dN5Byjx4w/cMMngq6fG,709-731-3413,0
512,"Seamus Cutbush",$2a$04$/gd7aZDcr2aCMQ3NF6pbxeyTCIY6zs/rhwP09OGf4klLvBbQjsI3S,108-424-2960,0
513,"Margalo Devany",$2a$04$Rul0et0f9Q.wvePVgN6HGOFFK7lpgQuVkkoUZ0cLDlFH9boCb82Eu,101-727-8596,0
514,"Cyril Meace",$2a$04$7kns8SXcfQo8Pouyb.D2De62Rxdr/bQtpH7WozHi61nlOwg9hvjbm,695-762-7572,0
515,"Annabell McCudden",$2a$04$OVxRe0AjHxdokUYpcrkR0.X/uqNrwGm0TvU3jHmdSwATtOfWDzRhC,591-762-8762,0
516,"Teriann Byrch",$2a$04$9HuuCGeq41o93xr/kzjFAOMXFNopJ6RME2MzyYj0G1Bcotj9yeuaK,389-208-0730,1
517,"Cherida Rames",$2a$04$tcMqwifUqxnGAg2tlHMOCe4oDXtOXjMmw/Ru.JCOHuRo6LWLU3Bj2,502-168-2109,1
518,"Rossy Libreros",$2a$04$dKbznBWAkHTS31Uy/b353.0PnrYtEPBC9.UiN1a0Ejz3W23bBtzHq,735-438-7983,1
519,"Frazier Adran",$2a$04$Gx5xC.RZsAGkIyLPih2nvezOlchve7UCorR4MKTQ0GAlqYA0D9Ame,944-869-7810,0
520,"Antonia Cockitt",$2a$04$mEQx9F3x.GXHqss.8jtzSeZw8n/MActqxMDyfSxjGYkrwqjOfv2Zu,431-101-7832,0
521,"Natty Fluck",$2a$04$c9xD1GFUqL0nkwbNdbwvPORsodUOVBqbvR2abg5ZNbctH9lC2Nbs6,230-699-5673,1
522,"Kylen Keppie",$2a$04$iW6WIZXsxmi0t7p/0342buIIGoSkBM3pbzvHxqd.VUl0apKiRKjou,359-901-4739,1
523,"Olvan Levington",$2a$04$LTVZvemDRhcqa6Udh3g70OyTMaaQVMD3Nqr1Z6VoLXvdo/T6/YCKS,456-877-0817,0
524,"Elwyn Murie",$2a$04$/XBGgL1sQxjeYjcSMkVTSuoFR5G2zxfkhlVHQVKgwrucNd1pcTzIi,861-185-7728,0
525,"Wally Jupe",$2a$04$zxZqh4eI3AaPs/z4wOS5XOrRH1HChQQXxkltZR7DQ5MJzOGliVhIy,901-635-5042,0
526,"Cozmo Avesque",$2a$04$l4vXzCyT98NQvkNZAOYPYusE2parxpuzY/D2DhSaxvE2WXggg3Ku6,402-697-1058,1
527,"Flor Stare",$2a$04$94JCFr322hpkr6SeSaSAsOVFLZodohPTgjuzfxikSIc63JfrpJyKi,587-856-5924,1
528,"Olive Emblem",$2a$04$IcrJkrG7GOGufbJE3epBAeeLara6zTbvMjXabBwe4YZQmPkOdGopW,500-475-3925,1
529,"Berkly Checketts",$2a$04$CiChESFfQZXzaKRFmwCcXOuSxdkg0H54vdqOtvqTz5J7x7hayVOcW,637-777-4453,0
530,"Garland Wenham",$2a$04$uf01LENM7VnmQZn5ZSkUluq2pvdHhVTDPwUbutnt5eAO1kiyAHiIW,907-869-5107,1
531,"Gavan Dutch",$2a$04$LL/3bL4sJ0f07rSzw.zGGekexvhInEclvvH60Jyz0fvFupe2J1bDW,167-942-2055,0
532,"Lyn Leavens",$2a$04$Vi.gXm2m1qlHS6v5zvSmy.9NNg9lVSU7GIfQGs5Y7X174WHNZEGda,761-970-1000,0
533,"Bertie Birkwood",$2a$04$LQRh04Iw8bEdkENpfZ4Ck.7E5hMp8ykjQUPl6i1L8SzttmWecujme,490-358-4145,0
534,"Devonne Hardesty",$2a$04$d.IhBV.zIkfW0rJEZyeQn.HooehyxODGz5NvfW/K.gWWHG7RGW.KW,851-539-0188,0
535,"Clementia Leather",$2a$04$wBRx4M9cWr6BRq5nEOuNkelcNyBiascTF0BHIXVgn9GwJ.Bh8oyO2,408-242-5901,0
536,"Bobbette Guswell",$2a$04$usGlXOEW9GAYqE/BM9o1bufF/2kjlx9Hk35J9ov/4nZqCyHwViAJG,512-483-4216,0
537,"Samuel Jagger",$2a$04$OidnYQ28Chlkp1OinWrd6Os6lD8OwSdnVVMKFXsOLkTSVJV2h6bxS,961-412-8034,0
538,"Donal Akaster",$2a$04$KqHXb9Bp7QmBAzALjNJx.eCiKU8a9XSgTlVZGXQ3W4FlACTvcvx5y,230-127-6871,0
539,"Kimberley Chopping",$2a$04$Vw3EKRpk0uP7e2Cgyk5THe1pVqLjhkZogMxYzeaiUaGzBFaiE1bx6,160-258-8321,0
540,"Bryan Lindbergh",$2a$04$hEkFwtGBqxwRsZFhiyUx8uzPKijyV.D8NmpGCJ9EnQPTzUgmG3hI6,986-874-2210,0
541,"Herbie Sonner",$2a$04$FQ2S5dYN4Fvzis5/pej/ZOZINN3G1/i/XKLR5x46Cd1UxY7ErBORe,817-228-2851,1
542,"Nonah Gammage",$2a$04$LPxk9YMcXtg9aUtoITXB9OH60PvhS6xVikFcX9TqDkZaPxenjLhOy,795-876-6526,0
543,"Mallorie Foreman",$2a$04$1v2BgsvpeLJX3fI3h0onqOU0YGJ9mUlt5vPZHLWdC55KUYczC7IXy,933-495-2350,0
544,"Jenelle Van Vuuren",$2a$04$rJEdwVeArS6TIZ014qgj5.3mSZe8Aowu/TDp3TesfvQPh19EZ5Ux2,426-489-4223,0
545,"Amara Bollum",$2a$04$Ab/bYBIgjGVjHX.ZHoFbV.IABmfpcuLTAGY0I39ftyyKPXTySPH3a,352-802-4960,1
546,"Maridel Coushe",$2a$04$9ilUsjFdTYxibhL0twHne.KlNOg4a6j/lBi/JLHYCgg4wuGf1Nl2e,174-366-2248,0
547,"Letty Winstanley",$2a$04$EUXwxrThY8gMv6bGy.UDP.x3vMJtTLoGuJ4ScrE3qHpNk7UwO1F1W,585-704-3901,0
548,"Lothaire Wardhaugh",$2a$04$ov8oEiGE8JUgW2WXnOCVnOd7RfQ0QuZTNQJRNHYii4HZTb7JenhJu,846-194-8539,1
549,"Eugen Beardow",$2a$04$7/VVKSplmi02X6tcChmz2.We7ElakGhqXr6rrbQ6s8RCkqUrCnzMi,988-314-8974,1
550,"Bonnie Haugg",$2a$04$sMc4ov.o7b1f4ENlCqfn6ueDz3OYQjrdnigptBnm5Zf45sZJOxWF.,345-406-7919,0
551,"Cammy Staresmeare",$2a$04$6XdPtNMT9YbU9K1t.tcHuOkjDywJnLPx7EjPEpEYWhcK7XyDrirhe,645-705-1646,1
552,"Kimberly Gethin",$2a$04$E8/dexdeaeYLBb82WnWbeO0NU60JTZaG/39ssp7jICaWHC5zRou6G,935-829-0040,1
553,"Eugenia Cardenas",$2a$04$6iPt4kwsCJMID1tQ/OKqfOaLJWxOYPcUn5P6ZBsEQsachfEwpmnsq,631-622-2396,0
554,"Willis Lonnon",$2a$04$OwqOsdJglnY26QeoJvjoIeMAmkyM3oAxCUiK7rykPxS5DBuhW7OHy,454-582-9381,1
555,"Rodge Pawnsford",$2a$04$R2HCIQaSjvJ1fvOqi8PO4OerjNWjKtSR0UHYkLW0rkAkhQMmvMtVa,774-483-3135,1
556,"Arielle Castillo",$2a$04$21q9/KQqmd5FFC/GSgfPvOkFkqmBv1X2oRyzn74JkyhATKweNdJkW,402-373-0612,0
557,"Johannes Crosser",$2a$04$tqr0D7k1umcGBqv/LP.Ihe.AIaNMR7ncotuTLDTfVzV/EHYVuHwKi,578-810-9238,1
558,"Kenyon Pimme",$2a$04$SmNdJCFZ0SKuD8nCUuuQ8OvxjBJyMVByEtvVUvkRJQzP0LIV7h/u.,104-502-0051,1
559,"Thorn Brobak",$2a$04$lScQk2raE8Q62mkY/tNiauI3IIXwWABeMUzh.wPp1MZL8bhydQpz6,936-782-3083,1
560,"Mozes Whittles",$2a$04$ztpah0PK.EsBYIkV5Izb7uWPfZ8NHx.80GfDK0GFTrtq.NFUanwuO,987-773-8086,1
561,"Roxine Brandrick",$2a$04$mZeotDKfyOC7dxAlY45Jc..hTK9Tazq2RsWQ2u662JZruQjBV2hi.,803-952-7672,0
562,"Aprilette McGinley",$2a$04$FxPklM5y5J7afrG65c2g0.8Uniug1UWD1owkrR./GaWaGBsiLuILK,812-857-1794,1
563,"Gradeigh Ridde",$2a$04$5H/d65fkh8Li7wwwziaZOuOr.YUKiiBHNx0LI/4Qf2PK6ebk642U.,628-946-3497,1
564,"Riccardo Rauprich",$2a$04$uGmi3WAARy50iUOksceYJeFcmBd02uRVZo5xOdx4/7fSfYC4bYkEm,551-514-8733,0
565,"Forester Buffey",$2a$04$XY8CQdpGlo8DWOElBFSGge75BOF0A5eAoX2Iqs1zXg6X128wdXo3e,374-598-7901,1
566,"Lesya Springall",$2a$04$spQAYgEqRzKDmtTP4fmW6OtfIFa1NyhoZ/nJCy1W/IL6/w3gVoW9m,283-522-5588,0
567,"Urbanus Roggieri",$2a$04$Av8P3/kEFd.dsPJCCgQK3uE1749ouSubQAs4LPstMAYa24p7A6ASe,364-313-7218,0
568,"Dot Brunelleschi",$2a$04$8pYqxqCvUAkjinRxcq5T/uU62ux94ZZ1JPmPAdYrF35okWWCXFWum,616-544-5345,0
569,"Arne Griffoen",$2a$04$xIGfSxzNvC3bfVSKDQD79eFaNo4UL.BuOxfEw.EJJXZIY4V4sh4Ce,195-735-2797,0
570,"Cynde Hinge",$2a$04$wKRcg1pn.5xAehheta0JIOohNn.KdvsZXm1jE3DCrj/tsCN2q0cGi,127-533-9569,0
571,"Freda Malden",$2a$04$YYfl9nfveZfeOp9ze3n/D.uvSwqxTTwdX0QThtQJKaV9WxCPWqu5i,283-158-8011,0
572,"Cordie Putley",$2a$04$j.hT2DPlQT1vsiyg0OemJ.oruhcdxInlGZS2HGadOnV5OWCm6m06O,208-430-7094,1
573,"Verla Maplethorp",$2a$04$xVkxP4Mp5ZDXfVqR3ff4hez0IELRnfYl6SWdrn/FE.phutEJrh6Yy,155-689-9285,1
574,"Ame Cossentine",$2a$04$7zos4XloHFuyQs/SmctkH.k1H6Qmg9zLdsR9Lbr.5xLTrhwvoXoWK,886-477-6477,1
575,"Roderic Archdeacon",$2a$04$MHpmJUzIdvKUdBVjwac8Z.y.dKACKKH2RpP/vbtH0gJVOjXY4GH5i,955-974-1465,0
576,"Whitman Cleyburn",$2a$04$D6WdwdtNCTclYPXUDudD1OrrHTKcGKVl911WlSrPHUhUf1dv7Pxui,144-763-4889,1
577,"Garrott Simcock",$2a$04$AtVwl5//yl0Uu2J1XllWtOnbO6XsD4TDUvd8CKWtEHtjJ3mjHjBrG,622-530-8412,1
578,"Rafaelita Franchioni",$2a$04$meYOy.166znnNbmynObZweTri8ry95kQGjGyDWkIQxZVv/lErkZX.,499-305-5751,1
579,"Coralyn Zincke",$2a$04$eLYlrcqLhhzZ2hGRyba.UukX.7nO7UkhCIoci42ZyhoGofqOsjaTe,904-363-9374,0
580,"Rania Andor",$2a$04$.5tWa7vYAaRSL6tBs.10Nuk4DZI791HaeC2O4dL6CsGqKAOlYZ8w2,388-194-2256,0
581,"Dexter Cubitt",$2a$04$2FxEDE02g3EGBy/NtlQhNePr1iqVBHWJ7Dq7KSDo/R0/fcp5q0URm,927-119-2550,1
582,"Torrey Mannin",$2a$04$aovJEAwuuKYHg3tMNmJZV.RX7ZrCBnOWzGEy5hYe7TQW12OmsS74S,167-140-9024,0
583,"Robin Bartolomeazzi",$2a$04$jLbF5WSRg6ov6D/03efnmOF5XxBF9IA6z8KMTe3xDcYgSswvpsxSK,395-848-7066,1
584,"Agnes Wigsell",$2a$04$opBKsRoMRc8I0q7592vmVuKxSecxc1AfPwkxpVdpqzWU1TzJ0OK76,868-282-6231,1
585,"Symon Voak",$2a$04$d0hJO/4HAOfF7NZbjQ6mmuRQa0h9FRehThRK93XE52QimOv0pI3sW,932-960-0025,1
586,"Patrizia Gardner",$2a$04$A8y5NSGbUTCYshnh8eBXCucVGquC6jqZSJfX./Elkd/MqWciyLtLC,853-947-8877,0
587,"Herbert Finlaison",$2a$04$jJKG1PtC7fZDqUUIlg3p9OoWVwYCek7AdBrPWNW5bd5RpFrw/H.WG,371-419-0243,1
588,"Briggs Hudd",$2a$04$qkdIhzSOq345Y8AFO1Xfm.exgA62Ei6UdLm0uyRoK4maaBUpfILMq,136-281-1076,1
589,"Coletta Oxer",$2a$04$1eW7OkNqdthFu/FdwB1dEOfi8rFAOlu/6tbPyIhuhJbltLixum0hy,718-370-9249,0
590,"Modesta Roloff",$2a$04$hIYgB3/9Vs7C45v2bhgc2.gDLM6EdEOZCl.L2iVxP7xFKr7FCLjeW,507-173-2428,0
591,"Minna Feitosa",$2a$04$w7zg.4JTz3jXf9ApCWAdretjucx27xfL1L4ToZ5R0wcxgNHKbhdeS,459-489-8137,1
592,"Gwyneth Fennick",$2a$04$78jWCjc8q3khagvxwnPYl.HAqwQn9TaDcYnb6dOiwtKlaMEaK.Lz6,281-110-2744,0
593,"Ivette Bremmer",$2a$04$jLfaXK.3RRrdFYaDwVpzt.cCPNaNrKrEmYElhd82db13bFuWofVuO,766-182-8349,0
594,"Carmelita Asty",$2a$04$Xwfk2Hjw8FhGi52bBdhUeu0rQtcRomrN2IrtUeo4qBQA63mYeoOpi,804-869-5995,1
595,"Tansy Roll",$2a$04$eVFL5nJHrPsgzjVEpXPVve65ghcsQTBIRXPmLC8zWS7z/vjAu/72m,821-280-8096,1
596,"Lauretta McVitie",$2a$04$6Yr/1.Klmlibl9t/5g4WAeqjPCS8cuIzQHcMIXoqVTzOEegmDNoA6,343-636-9773,0
597,"Jeanna Morey",$2a$04$iyWTSOrxNmfHo2eXwjDwOuaK.LamnqtdRQnzoq1HrSeKQ0aPV.C8W,784-456-1304,1
598,"Eran McFfaden",$2a$04$nhOxoEkvQ/kwDjD9FMbJbuXp6B8OVIQ0ogKHuJuYH8JmOW08X9lbm,288-367-1896,0
599,"Angel Whales",$2a$04$C6gFixFZitb8ETuwDVy/yuYE8G42mYrM8bcGa7s0Gu6fGjFTjDHuu,693-288-6542,1
600,"Annemarie Hirthe",$2a$04$1fEDjxWRALILu4UDYbPvvORfBjL5ZQsUJ5PQ5.Zu8IXRY0i9fsIWG,543-518-8460,1
601,"Joseito Olyfant",$2a$04$RhMInEUEvyyOuJjXefG9IOaz/dGBHJ5tcSHrZPTQe5vjCNR06nF9O,737-526-3123,1
602,"Alva Haulkham",$2a$04$Lf/3/4CtiZW3HM0dyzAveO/ki.9owPOhICtuGk47Nehoogy6lh.ZG,183-740-8505,0
603,"Wandie Pinnere",$2a$04$XNvyUZ7CDtkgNXRrgNQsBOVlck9A2DKwJI6ux20LnIzuj2/kdXgxG,109-923-2496,0
604,"Nathanil Hamprecht",$2a$04$83h0agJFZ.J8FxsWtvU1z.xn3H8pmsRRkBv8zwGl3lKQIzWDlMkci,181-447-5083,0
605,"Clement Creggan",$2a$04$w33ORRXf3NHgo/E5a2jgu.nW/PlvgpaqlIkwIK/tTqXadpDjnywfa,316-997-4720,1
606,"Marcela Rosenstiel",$2a$04$X9hSNzox5I1reSc45xPax.bm7uNpGqFTQSKs0teYQir.wE0IsYaS.,727-776-3785,1
607,"Thatch Langwade",$2a$04$C6ybPPvM0TOMT966wuYl2.E9eFLVgdFJGBCRD2D512hWDNE2YST3G,358-826-4181,1
608,"Salvador Mulryan",$2a$04$HObwlrFOS4A3w1Ob1Y3UTuqoWcy8FAtyoJNlta9k.zphwanbyQ8.u,598-548-0802,0
609,"Gerianna Sevitt",$2a$04$j3IccAifsKSKhDy8CikzceWsUOPtJ5rbZMmPQjZss3lQuilhWNeTO,371-198-5243,1
610,"Wes O'Noland",$2a$04$NQuXnBuXrbV5ccEK0mjeUeAWWRfFFRWuuCo2jLkqOvPOCixCo9TYu,113-171-3188,0
611,"Hildy Isacsson",$2a$04$hCzRmKR.UtIgh.lsJEV8luauCbcBL1nR9trak2Oo013cA5MthdrQ.,977-310-6428,0
612,"Ettore Nutman",$2a$04$QswUfB4iV2zvSg8zwItbru5xedbWMfvIuclW8dfL4VPh75T4dBIlW,858-148-1388,0
613,"Bentley Cantos",$2a$04$u.Ox/R5qhYIOdQPuy4Ey2uXee2TzdXGD4l28d0/bp.RKoHziq3J..,354-776-3033,0
614,"Jerrine Mealham",$2a$04$WxTRxmhfKcxEm5eIpvBMJeqiZh4jKgvxKFPVQMJJ4U/NGj6gFXpPS,183-620-8993,0
615,"Baxie Posselt",$2a$04$/tmWeZF6GXcYWG.CXbZzcOSTWQaVU3xirO1wp32wojGCpcUwyv/0e,758-452-1390,0
616,"Jase Shakle",$2a$04$fMbebqC.uIDn3HDuzFjx/etczBYcSMooy8DBXL42bcmwRCOvVekMq,136-867-0792,0
617,"Malanie Ahlin",$2a$04$nvckF37aoGNelaFQRVh8Geh.lb1SDQ3NPqdAKsaiKsGmNCzqGwkXm,416-499-3759,1
618,"Sonnie Spendley",$2a$04$u7.wGRLw5dczkFP.CD3V3.9CjqAcmeKsixx3ySW2dTCS1NtC9Gd0y,118-923-4463,0
619,"Rhoda Nast",$2a$04$OkJMfdzjrtLnNJb7Y9vSGufXEybTsSQp8ZdWZDNMTs7t493OP.eAC,244-663-5415,1
620,"Gregg Mainds",$2a$04$wc3y5wcCKjf95WozVPDXUOoIf8GiZAyw3pBn4f8rNzVv4ajG5.vLW,132-332-1433,1
621,"Gherardo Monteith",$2a$04$7z24O1rWWsHmPKp056ks..T8bpnsGjNlABecwWkxHCPf5r/OuvMV6,260-120-5623,1
622,"Vicky Egre",$2a$04$p6NQODSxRGvLAeYwYmwqmef9SyougfWxhYt7G/8RCFFZrj3m2QXse,887-275-7247,1
623,"Mariette Huguet",$2a$04$Vy3Hi09BgF6XwBiybl1/N.JvfVCSyqu/rLyZGAO9MoOtiEYQcS/u6,562-973-3077,1
624,"Adey Mistry",$2a$04$2XYrp2KTS2VtZg1tkANfz.qOzp2anym5MTE3dlOlAPqXhqIhmzAgi,989-341-1774,1
625,"Malchy Kitchingman",$2a$04$lAUbCz0Ic9z3nr2uwGlN.u5cXKtdjzlTqRj3KgFvZlNu10D8gXzTu,252-557-4798,0
626,"Bernadine Binstead",$2a$04$jtSylhIB8DABrtz1BRHDM.nlqLO9WypZ/7bPl8VrOL58h5Zi/e3y6,983-629-2272,0
627,"Debbi Deignan",$2a$04$g.HTkz2Qu1POUgl9d9NvyuGDQXnkoeL0fHPYxBzTPdZ07yqGZ5ebq,738-965-0410,1
628,"Elena Melding",$2a$04$PzCMLla7TrkehgXdIC42HOd7X4z9O3Ir1RSNL9zVsGnZuUFlrhRZ6,635-671-5550,1
629,"Wylma Janacek",$2a$04$CPbCVkyWZyGSSX7Q6EcTmeyFLrNkUmAbogsqoCr7HAqU1Iit5o1Vi,712-820-9316,0
630,"Chelsey Shafto",$2a$04$MMXqlA1W3roFhurt9n4cEu8D.2Av/SZGbD6AZ86AA8Q/C0d7ZafNi,755-835-6534,0
631,"Carrissa Hazelton",$2a$04$2FyL.JAIcwn8cWLMn41rDO1.Xtotj6eLGS64guD4RbTjDoaBD4sDa,736-307-0687,1
632,"Osbourn Dienes",$2a$04$4jaVEQjaF3luq5hlbVzZZOyMX1r1EN0m99irgDRXUDakHlUnL.cqm,392-416-7114,1
633,"Derward Hurlin",$2a$04$/E7WcGMrCPxb0NSUAURY7.5XYH70hI7Vc/MPAtm3Mj6z9HSX3A9Pa,591-736-2062,1
634,"Osmund Lipgens",$2a$04$jWklun5ztr1u83fZqJH4t.U0ju/vPHzXvcOyNJ3vmPkDyHlhwluYK,350-528-5198,1
635,"Yardley Maxsted",$2a$04$IULgMRnTcicEPgJAM35IneOpRNsJ4tN8v4VqJVW/xcHGJeQZi90/2,444-735-4456,0
636,"Peggy Lis",$2a$04$0/R1DpXkW2Vm0JpmCwjoYOwVu2EZrOw7LLLClrwL//f9OfqTBwfLi,651-721-2784,0
637,"Austin Rout",$2a$04$Tarz6gdSMjkv3WD.lB5lmet2oKrIkNd6CEuomTj3iVHmFAAPtxQje,743-896-3284,0
638,"Collie Messom",$2a$04$K68zFxAtErk8p9syhZMMMOqHKLCtWNEkwubtFZX6UGitIlMsnJlSC,797-148-8439,1
639,"Gigi Titcomb",$2a$04$bKbVo1iJKzq0wqC.obSSXeCeniG1/pJnTzZVvzuKDR1w9EziLe5rW,934-556-5826,0
640,"Flss Duffrie",$2a$04$Y9JhLxef75TpQEI0pm54meWmxBYV/4KFINELfQ3vnJKcf36enZana,971-900-9820,1
641,"Jeniffer Trenchard",$2a$04$cK3n73V9XUcVgfL0kGobr.MrUs2odVqfshc9ebybLF98Hw4QvN9j2,503-924-7506,1
642,"Charita Lewendon",$2a$04$vGiLyYCuP5GZxpzr7VEQa.SnU6C2SX3qeQ3.ZCOqzc8RcfwDgszkO,372-601-2154,0
643,"Myca Steer",$2a$04$TgkpRiuTBncSsJQOji/ukuO6IzQb55RMbSaLrkja8orc9rbfwcC.G,487-770-0030,1
644,"Consalve Attenbrough",$2a$04$CEwpNgMXLy4V7yJ51ZBjRufn0GFWCi8pfRz8ffrLdtXVQ/l1Mtmum,562-926-9442,0
645,"Everett Whipple",$2a$04$.b/80v0tC5XT8L752aYALOynkiOw5CsQDxdx1vIho35SGQA/SiCFa,807-791-0268,0
646,"Fiona Broune",$2a$04$NWik5z3QI0V/9mD2taM46uLWTChI59lkBjz2ZDtCKpDohjDH/HPbi,920-370-5609,0
647,"Skipp Aspital",$2a$04$T3EgLuqtdWo6gjdwf4975uWZ3IRym.gHjSvrM4qG6RGtSyZUEOTVi,215-645-5445,0
648,"Viv Schwandner",$2a$04$9LScGiFMrVwz/LmtOFqBkev3Ojt2UVrgTk.LE/r0sIvEVu5BGpE8a,745-760-8229,1
649,"Pernell Doberer",$2a$04$LayBseyZFEjttJsX.DWdAe/qqHR2ZXo7q.5Ww84r7yAj4Jux4/nOe,338-780-6362,0
650,"Derril Cush",$2a$04$yIR4GEDmaX2UHaTndEwLLO/sw/LyTOkUGy81L/p8q6mHpDLHGTlGu,716-524-6737,1
651,"Adiana Digle",$2a$04$Wr7gqQJmRurAuc0O.nd7Pe8PAclGhbG2iiDzD7lO3alFYWlca8kwO,755-110-5112,1
652,"Padraic Sibbald",$2a$04$HqOKlLptque1AaaVHFDNYOo544Uh7iEoEeJFzl9Ca1Dyk3eyjxq9K,904-243-0729,0
653,"Taffy Ksandra",$2a$04$0G441d39/UMsA9vdNoW20.DELeEVBZr4zqk9GS3nLlh1ZOne4V6VC,890-166-2162,1
654,"Alexio O'Hartnett",$2a$04$9JUQFmdkKJl8uP6Z/wyabeTbZ3yivbzcRQ4HE6bEPg6jYuDuqsm6.,814-738-2848,1
655,"Davin Rigglesford",$2a$04$FqN7oyELo3zK8TboRAHkIeiIs.t6mqTXSHRRUJynTpyHfkpZpTvjm,363-939-2905,1
656,"Cristionna Maliphant",$2a$04$./ZU3oN4Al8Xz9AyMYM7tOqtxYoE0k1iA9zGrIuxAzUt9EXL5Hacu,846-994-5000,0
657,"Simon Lockier",$2a$04$vqls7UlqOgrB2Zd5mmTp3ObRE.k/Wd9alB.O410dZT/8rqwQj5stS,163-427-8033,1
658,"Zedekiah Morrall",$2a$04$eHy87kkGWHY3C5YT/dOBm.1o/.0XiqhEONjHZuSPf5M4WQVOoU9dO,930-675-0478,0
659,"Derek Awdry",$2a$04$TiHWedtP21zJhkb.Ry3G7OaE4CDG98nHUCwk15j7dyzn9eU6L.Zf.,467-906-7789,1
660,"Ida Theobold",$2a$04$gltQDmDHLmXcrXIJgMO5y.g9NPVzl3t.RnMTF.hkTb7kG8SkHaIr6,560-921-3652,1
661,"Loella Mountfort",$2a$04$sZIa2J6jsjgao6BjrtU3zeVnL7mpboC/TghZnd0mWDFI5GMWNQjOu,584-866-5346,1
662,"Frederique Wheldon",$2a$04$1B7AkNJ1tDrx2kTOtTS8duyZ8anTQFJG/kkDifkzhYp.wZZZwcW12,419-319-7289,0
663,"Dirk Ruilton",$2a$04$pf8VrXUeBlVrUBq4FdaaKOcB9v9K1.FpMBGUS0BYg2P9oKyYbTd9q,440-729-4360,1
664,"Josephine Wahner",$2a$04$XI6lrWchd0xEOCciWP6jRehljOUYKZX2NDYotIs.K3u5hYP6CqPs.,383-393-2430,0
665,"Yasmeen Cattellion",$2a$04$yYbGZnwMhw8LgLexJBOiRer40Yf0usJsN8HN/kyXppz4ZOmrNUAwW,600-344-8395,0
666,"Victor MacVicar",$2a$04$rMmdxqIigjLqVfk1Jr9HpOx5.svwEaCV4wpD.NsyMduX/O/SAsz0i,927-917-0954,1
667,"Maitilde Lawlings",$2a$04$oeCJzRn.GeAt0CYntzK9PeZKRdOkmVY/WBWCdQy/wukuBznCRtnL.,125-467-8190,1
668,"Meryl Barthelet",$2a$04$oGIJE2npcI3E.fhk95mMC./OapkOHrNRMV7ITmGenVZ5h4D8Zv5Te,294-970-7741,1
669,"Leila Brome",$2a$04$ituKk0a4VydZA6U6O3ORe.v2Zq4lWDRulNZZ6aEpjlqqx1HS9ovPW,390-733-1722,0
670,"Karl Senechell",$2a$04$KfdEtIH6t3H4PjcNURd0bO1rwFbCx.PG51G9wTDnLXpjhl4J22i3u,762-336-5520,1
671,"Micheil Georgeou",$2a$04$kUCBqS0VAbsqsnLmcmWKju8VjElzWNG9pWeFTQANZEpnsDWATXmL2,284-898-3694,1
672,"Bennett Oades",$2a$04$Vv4oTeCLTHqs09e3zJ8HJeqQdaYGWDfj6s6bkoUiyWeRyEXgL5zPS,648-358-7948,1
673,"Joly Jest",$2a$04$A1spxzrgZabZu7VtBpopJu7qc4KkrToYCG7E5CWMGMhbh3G.2N31C,729-472-8405,0
674,"Billie Reuther",$2a$04$MyU1Ksed3bY8iijze/1CxuhrTPtiNkrzRqVu/uTeA9vd5gfeIPuf6,928-828-7981,0
675,"Tova Polkinghorne",$2a$04$SYc152wedzZ49sUtf/4pneY9K/uSBBqoJoKtMoj1a1mxd1Ihqn/aa,285-148-6553,0
676,"Stern Cawdell",$2a$04$.9O4hxcME1K.zX9U/IXagOTo9BZazmHLjADJghfZTqi/x6jUA8Lhm,761-736-9376,0
677,"Raimundo Erat",$2a$04$8dxI4GJurij4gBCVbEo3VeUiN5ecJZa535cgzz3IRsvo5PX9RIKsa,108-968-8193,1
678,"Homer Cardenoso",$2a$04$/t8jTMLFL0Tfi8m.E11ZseMkrTNTkC8.NseTDnrLQhdLyONSQWUky,723-672-4927,0
679,"Ronna Burnhams",$2a$04$.xjX.s5oA/JiFTrbrUhZSuu89XLepb8hsdsSg/FYW0Z2GfYWt6MUq,769-620-3720,1
680,"Erena Allwell",$2a$04$CS1014MRhLae2eSBOsmvTepelNagGvUTd9W3VV87PanJB7JgDRhK6,786-771-7301,1
681,"Granthem Abad",$2a$04$vLz3EPAG7SSNO6nyXtyZEOJdSlkdTPcHe955GkDIyzi.ZKVawncc.,977-583-0438,1
682,"Adelbert Wilkes",$2a$04$5yBQG96aEtyAgAjMhEni9uaGx03XvcPpLW7ABBaXE4myHNtlCLK3C,887-196-1295,0
683,"Danni Isaacson",$2a$04$Jb.U4Tn6x8bRnoijkxqCeuDlkPXa70nka8ndXKAj.A/3iP85FMXea,604-587-5280,0
684,"Damian Trevaskis",$2a$04$cK6zxNTjo9OxrazJvcXm2eLfzBemPvBFrvBpI9VyMDTSG3bLdP.i2,694-513-2805,1
685,"Janetta Gallone",$2a$04$oxv8EsnBDhZx9NtS382cwOtFzyR/NJCNwTC9TkOgXe8w8Iv.LkD7u,280-642-4515,0
686,"Asher Restieaux",$2a$04$DVPJ0CPaJtgYPedrcqehXOx/oB5mqmFW99X1ch3g/5N2Qxp1jk8F2,547-669-3751,0
687,"Marylynne McChesney",$2a$04$wQAHwGyHB7.RBPjClPF0YOu0g6rlocOQNRPlz4Qxw8UsAgTOoVsKG,613-761-7284,0
688,"Stacy Buswell",$2a$04$NkW1eZLhR0zmmFCLBvxds.a0T4PUyVJjae3IXgxitkmq6T0DqYZpK,161-581-2385,0
689,"Jerrine Dobrowolski",$2a$04$npsjOjVhDPKQD/AIX.wWYeEvII4CyICWxL5xwsC.ZpAITeDO5NbAm,685-473-8156,0
690,"Greta Tinniswood",$2a$04$P62jxfqXjDObGHDpm3ottu3qWiyq3JZb.Yiq5losKe4jiGOEUx27.,615-599-6235,1
691,"Kinnie Leadley",$2a$04$N6v11klFXlWrvYMV/ee2fOVWIGpC03iNDdJoMv493fuCK.KSHjjxm,594-936-0531,0
692,"Victoria Caseley",$2a$04$yPIvBVoJ7./AzK2Ln2ZLneDRgfYHV70X6ddHh0Sq8sCd9BhppCTc6,138-947-3769,1
693,"Dave Sanper",$2a$04$Y4Yhk0Tiu.e5clENUXF/SO9H1DpqujAdl12FxCFCM5JGKiwYhVVmG,163-224-5585,0
694,"Tyson Neles",$2a$04$czC3p1uLdqOKCfXiD73cA.nrXI7EkYiicq3evY3/9EP68NZIRrV9m,823-630-1797,1
695,"Archibaldo Bilbrooke",$2a$04$iF0hV.5nPQ4XHXoO3WnzbOSCbqCkTEBOX3tITem5kuWq.fEnfmbNi,902-883-1006,1
696,"Sherm Meikle",$2a$04$TY2aMYOVwrPmTEOWIH4Hz.5ewJvoIV.Gd/NFEBrsxVeK4ODZotBIu,190-173-5580,0
697,"Jeffy Luce",$2a$04$wtek8hIYEbrdVjXtsSfVyOQTI6ELJnsuRafOTBfzd70KQVkDhkDcW,816-184-1595,0
698,"Weider Gammill",$2a$04$pG0.S1fJx//oxzct5FmukOWpvhVmJ3bg1XqZGhsKOBK0m9I76YMpS,774-366-9515,0
699,"Beatriz Gilby",$2a$04$deolSwwAjXv9tR89iQdnx.BW9AiZUlhH.j3hNPGGF.CBpCLjq70HK,978-559-7636,1
700,"Elsbeth Westhead",$2a$04$eZQbIvfeNnIN5ktgzCf.COzIAiw57KGmrT6698pn8UhXoAPxP/9xW,432-251-6927,0
701,"Sofie Beet",$2a$04$3rMIk4LqBeuwwRnPXmn3Tu6qSgBYG9B/W3RFgxebrB2c7NA6tuhv.,376-533-0930,1
702,"Brok Diegan",$2a$04$5.oIPN2x91lI.Yooe8SDBOPciRRWemRVjtT2MkYywCRuZEPkgGblu,266-233-9574,0
703,"Agatha Georgievski",$2a$04$TQErDkgQN07PyffBlDG4LO90GrSLeNkNK3GqbSnWAbL4HPvLTNPpu,866-824-6993,0
704,"Vikki Mathewes",$2a$04$KJ8Dm6EWhv05a0DDm994yOs2b3Z1cn1MT0aj2NXdw.QGoKNBl5dY.,604-255-3413,1
705,"Fancy Redmell",$2a$04$8l5EdsurQuuhjNhBbLOTW.hSZYH/IrNjkOAFakWxUOnkOMu8ZRir2,897-446-5508,1
706,"Elga Cubley",$2a$04$Z3R92/h8vhuRM5r/.Oym0.E7xueQrJ/BSeBjNOhCBWyintz8Y5oaO,687-712-1687,0
707,"Rayshell Trewhitt",$2a$04$oNHvnkTRKqjs6F4n8h1AAugPOQOcIaSv7sNpas4fBGg2q55Snd96i,111-484-5018,0
708,"Ivor Thyer",$2a$04$I.UXj6pmGJ3JLGzzw26gsOp9fnw7CJi1J/Os5flH..F6s5nWivK5W,604-360-4143,1
709,"Cal Redmille",$2a$04$6tq649hDyDG13dGbwwqr/OkiewlXYoWQF2lvWADBs293qaJmcuX0O,111-746-9369,1
710,"Prent Paula",$2a$04$uVyP9fJmFFnseTjEaZBy0exVkJ5YEPCaeNg0NSbAiLqa/guj5Arfm,255-330-3035,1
711,"Wallace Piddington",$2a$04$T/h8XQzao.rVmeag8j.h0Os7B8R486bKgSVdsmBpc31uYbDGBsfba,759-169-1207,0
712,"Krissy Dumpleton",$2a$04$C9eEaZQtafIYpule2pj/ju9tzrH0cTQwGw5F/IlWp5Ryw9hOJs3t.,179-574-8730,0
713,"Rodrigo McMorran",$2a$04$8eFwJeL.cT6.5Ra7ySBlOeK/ayGOyLxOoxg706YhAOGc0xGrQJYbu,910-693-4435,0
714,"Oberon Pattie",$2a$04$Zj5e3QV9s.HCngKmdl.SnellUmHhOemM5fagtUmzR4IcDLDHD4q6a,881-302-8435,0
715,"Joy Snowding",$2a$04$emILX/s9wZqnUCqgui2TkORJk6qXKFPnv/54v9MxbUbDa3rM3zq5e,430-990-3270,1
716,"Nikaniki Thickpenny",$2a$04$8zftLxyVeR62Ocpy9dqw0OOm71WXlEbiG.cICZXRAz0HWstjtOcPG,278-288-5279,0
717,"Corabelle Momery",$2a$04$RZuw5/wDSFyj9q3sKVOZQOZo2wmNnaHP5r8/.Yn.i.CxzVVzRT/AS,731-980-7635,0
718,"Hunt Yelland",$2a$04$NYPMV/DP1qNcAURWqiCPae6khZVIwhX7SDeIRXbCXiySmhSDR7AeS,628-635-5998,1
719,"Myrah Dahlgren",$2a$04$gZQ2m5SvUJZFfVUi.dLLYevb2uZ0iH9S2HpXyHXBxWZnBrfJod13i,197-873-7267,0
720,"Raynell Poznan",$2a$04$PtJL.QFr9UV.3/EUslgomeQz8zU441B83ND0jP6daQ5q/Obch2Z8u,718-386-1130,0
721,"Willie Jamblin",$2a$04$awqWlaJd4wJXiQEf30t//u5j6.My7yc9Olbd86gPgXe9CWYlSxrfq,773-599-2493,1
722,"Bonita Stain",$2a$04$nRZ.palCsrhtAT6HRsaEJ.yLs0HqPv01akXOhvIvA9HS.wt.g4csC,989-263-2304,0
723,"Marshall Trueman",$2a$04$wWlATOCFDl9VUMXuRmxRrOSQwW6LHjs9YU7JP.US3DOXtkEhtyq66,954-928-2035,1
724,"Denis Ffoulkes",$2a$04$lRVHliPIWISyrIxktyjhoubyqCF.2h6YpSgeru4S8quYbPlzywReK,703-859-7442,0
725,"Ransom Clayal",$2a$04$2HnkoLKfSb9s8i6EV/h.S.Pe53BUDX7coJQ2Ov5VCat3PdsCtAjy.,797-974-3822,1
726,"Bancroft Tomczykowski",$2a$04$6V8Cs4mGZ0TQKe911cjlfuuESw9o1Bft18ZoWnJP40BEySWetj3Vy,893-689-0010,0
727,"Lindsey Gwatkins",$2a$04$vB5x3N7Ao2TCTTRXRfv9KeQlIU6An1q.li8UtYdY0Mfkr4Gkwlf4G,431-499-2636,0
728,"Lillis Bonefant",$2a$04$tZjXnJti7MREk1mnx3y.OeJpVQL2Mq29UgEXldkW3SLCyKZXlwcZi,780-232-1268,0
729,"Gaynor Drinan",$2a$04$sKwF/v2RK9OVwT9/8Pp2ae0VuptfPIHW66SJ9GEZskgGIfDy3tvYm,572-288-4270,0
730,"Chase Deneve",$2a$04$O7RqWjgEiOn8BHY1ktNYl.JPRY2PljAkHkSgzCmS2Qt17KecV6e4e,822-127-4517,0
731,"Ainsley Terrill",$2a$04$35ec2N1P6lu1KjYtyDl7Ce72vISX6WE2zwgaEbd031fL/4cSkmvmK,413-197-2695,1
732,"Benito Kristoffersen",$2a$04$zyIfUdZmkh8z0hDtI8xKiOt3G9ot1Rs/kVnmEGHaHxhsoVY1awthy,561-889-9476,0
733,"Arlen Ducket",$2a$04$oS0lpharGtrK9H1cQon1teQYKaChgEjceM9ZC4reQF9FBhwN24h8y,302-966-5372,0
734,"Else Dennehy",$2a$04$2AJvOoCTOK/407sFPV21VOJsgEsyyrLIIFlHNeOFphdR2r4J7C6j2,800-687-5313,0
735,"Ophelie Barley",$2a$04$jF0XbUpM1gSzGLpFgLRBnuWyY7dlPC7FYxwLuc5O7QnsdTkwxRi42,919-482-6009,0
736,"Nicko Borrows",$2a$04$WDOOphFflcRdzpDzSW1NSO06Bg74dFp1Wz02MecN5ocvZLdyQJ1Ue,604-306-2086,0
737,"Dore Clell",$2a$04$ZKVtU8XDEmTFETVqcxeea.iJ4zeHYFS5PhVSBG7B5sPS7kXXdUkSy,322-471-4545,1
738,"Joelly Lube",$2a$04$pseWQ8sNgTl/ogMUIxYL6.LKXsW5rZPaZUMuS45MI2ecDzHOk6ngm,210-512-1050,1
739,"Judie O'Caine",$2a$04$6YV7Uhed/m3asdeGqge30ebkgrPT2ar8r4J7owNw96tNeYwgQD1uq,295-699-6633,0
740,"Kati Pool",$2a$04$Pvzne5oAS4hhdAOA1vH8t.4Wh3Rj8cqj0VIXMDovsRiv9M7wxApdO,896-528-4746,0
741,"Meyer O'Lynn",$2a$04$l0yj/wZufU2u44HozSPf8OThuIVYKGkJOXch5PzI7Y/JbncWq6Txq,182-253-9878,0
742,"Jessi Bricklebank",$2a$04$eq6l/kFxOQdq4ojT.K18G.O.S5Kp.psYdaQjq65YMYN1AhFzvW1.u,151-125-8798,1
743,"Annabal Worsom",$2a$04$6SphgQcD/CUyvXUBQuOAE.0wscl7FOF/.EsR/w1ynNXWGb/AbHY2S,345-913-5525,1
744,"Beale Kilbourne",$2a$04$Uh8Ylz7EUxFvrKIc8S8e7euaaCbBDZrg8Jnj2iv/YV1Jb2MlIyXZK,632-380-7354,1
745,"Gayler Saltmarsh",$2a$04$y2xyMm3r/16YecTHQEpCte8Qr.UTE7k1EQhdDcK.sXJTFnPQv9UJu,873-889-5786,0
746,"Alvera Etoile",$2a$04$s1rAruG26CJn6Z8nxC1HU.W9vqcyjeNDpYu00PijYIkRxAexCxVU.,542-784-2355,0
747,"Constancy Perez",$2a$04$dgyhdjhn6/4Qn5wdYIKOreAxKkEiNFxIQ1FSLMiXoWUw2fv4TRrmq,870-542-9807,0
748,"Fraze Grevatt",$2a$04$OZLDJJ9cT4PzW14AQUyWhembTaYNR7aQ2UV7.qCR7v6P/L3LKpMaO,602-226-0636,1
749,"Bev Bannister",$2a$04$hT0uvlah6U6tHkiQB4KHVusF7BMBgDZcJ2qxBNyQ7.TUdbF7Q5V52,622-568-1849,1
750,"Arden Schoular",$2a$04$v0ZhZxEZyJZuM4g8VNR57.J3MQNgEfi4nSF9rv.tIAjfk7gcssAv6,539-876-7077,0
751,"Idelle Shimmin",$2a$04$/Ql4Hpj9YfTVK/vnA2x32OHus1.u1j6OaKcsHnZ2.OQH22gYY/Uaa,251-774-3602,1
752,"Keslie Georgius",$2a$04$R.NCeVXnnQciQDtUuKKO5eKwjyIQENUSxwjNl3btNgYCmNKiIftL6,542-853-9872,1
753,"Lita Tribbeck",$2a$04$6WMgEkUigbH1NXCj2kdmM.MOSF.tLwC2f3.GHf7xALEgO0k8EATiK,983-634-7235,1
754,"Kellen Kebell",$2a$04$CCi1UgT8.1LJkAeuNbGUCezS3sfCJGn0Mvsnrgoby4dyuxLl2XDri,691-161-6381,1
755,"Jimmy Attenborrow",$2a$04$dmcG5/F99tPq.h8zB6PKweSmHukibn9lHCXHHr7jpK4luyOpFV8kO,567-425-0940,0
756,"Coriss Schubart",$2a$04$FbHkHon5HSXYzKFpV.hAPuonk2.Qhfa5SDVhuNTlY5DErMZ3rdyMG,179-722-7713,1
757,"Pamella Kleinlerer",$2a$04$HYCSSwdSeMqihZbVDtJbZO9oOOUrU/TsQdWoWjaXExofUKamij4yO,660-918-7914,0
758,"Taber Remon",$2a$04$bj6m0BgeifbIBPhTfDA.4uWxsMtkpse6cqmtB8.oDND9LBxIkOjUS,570-771-9142,1
759,"Zorina Hutchason",$2a$04$EFBWoEVMC5q8T7qoPGHK1extJAaEYd6naBHfXaNdcXNJBuzprZK3W,807-983-6658,0
760,"Rhett Axelby",$2a$04$uz4rnFzJcVOdFPH2WkDcTukTaTU3.i05Xk7YLCtpOoRu/Rxx2ezh6,735-304-9070,0
761,"Jaquelyn Peirazzi",$2a$04$5k3KH2JZL2Xt5ABMhv1g3.W7cVzKh.vL02Jrqvkf85wJ0VFxDuOd2,110-536-0071,1
762,"Gunar Castel",$2a$04$2dLP44Qce.wceTU3ymUE6e4FQkNIuVaqy4C6IJVs1CpYz3RIDlNZ6,358-829-6537,0
763,"Saxe Scones",$2a$04$97vACb1ooPyvzO3woYDHGOT4JY5trINdc8anv.8eRlD.s2yIgF8YS,492-859-7585,0
764,"Larissa Neno",$2a$04$grci56U/ervxyV8KgE1BYuIkluzs9MlMmQpg1grEW5/hzWY05oV1y,436-812-7121,0
765,"Aland Onthank",$2a$04$8Lxfgy7BjutKsU91kUuVvO/54YOiA0MnXNwn0Qtsyy.GfDG33KLES,251-775-9169,1
766,"Prisca Clayal",$2a$04$FLLMzUI/OJBCzn.lYCr3ueR3V1PN2SbOgTVA2BRoABZK78cUQDSUG,281-923-5131,0
767,"Helenelizabeth Dilkes",$2a$04$8PqYEToOJ/d1EhkmBpT7XuTUydnXMF4PLTBc12r/VzyvMw22GLaWG,775-480-8045,1
768,"Hew Platts",$2a$04$FlhDQ5sn2PlLswqCe2n1huKSLT1y8up8LArPkQ7AtnxN2OjcOtz0m,927-315-8410,1
769,"Amalia Frostdicke",$2a$04$UwL5tvDryUyFLeAIXURXY.tREPm93PG1ObZU/pJKxLMb6N46Mb66m,880-531-3968,0
770,"Devan Haggard",$2a$04$4hdfYMleNH7f5PHNDgwDGuZxxesq0Jc0AKZPIlBeY86OHEg1OG7au,772-361-0368,1
771,"Fanechka Gabbitas",$2a$04$ZIumD0r38N2EQkykoODOxe8APUudo6hoZ.8FoKYKrcxuAv91TlEx2,205-914-5432,1
772,"Alvin Son",$2a$04$e1z4QYa5/DNLtIHef09eBeI1wtV1hvOmftphR1q05ByxuvUsypqme,438-959-6569,1
773,"Edi Mitford",$2a$04$ll1uPUKiRYyzJcyr1Am3VuAVvACN3V4g1pmnJNq7rXqOmdH.Fcu92,574-576-8686,1
774,"Pauly Godfroy",$2a$04$j74Bcoy7.dZvbe0QsEvrae3TxaC2IkKXcQg/9yPL1JYj2aXHfoPwK,495-159-4363,1
775,"Erskine Panks",$2a$04$t4XOjRA.1KpzdbG8sdTwneVyYsxwdioioDHgmgiN4xtZRNVGJ6Aea,835-788-3567,0
776,"Debee Pickle",$2a$04$Ks.a0CsmAETWrEz9Qvzscu/vDdov3.MT3iKXBdOXphUJPC8SPwePW,445-784-5412,1
777,"Nelli Growy",$2a$04$ujBk1n53kRNB8pS6hJtbEOPECfXVtLdygTP5E6zDuJD4pqPZqTSvy,619-997-2976,0
778,"Herman Crumbie",$2a$04$TXcnIOr3.TQZGfG4R7CNiOY.m6jZpYGrx3Y2x6JqhKBJb9oWnP.be,285-187-9795,1
779,"Patrica Elecum",$2a$04$4emFVaZJhH5ECfFzyMC0OOpL690cPkDUALjM5Cz0ZFmDqxGikVI1u,584-589-0903,0
780,"Kandace Mobbs",$2a$04$8crt/VMVi01WHX3HvxHtseEZFpv0267knH.ulhDljxDMT6PdxZ/c.,924-137-7209,1
781,"Marilin Keuning",$2a$04$VwbfYyYqOGl9AiZSzmVkG.Y1jHRk7FezPWVLOEZUCjTA9qd8kt/iG,739-365-9403,1
782,"Ody Rudeyeard",$2a$04$lVkQoxh8lQwt1acUIN9M5OUgdIDhM2s4QNRPkFp1Qgwr/2Wu8Q/Z.,542-280-3085,1
783,"Rosalind Reisenstein",$2a$04$/rRuy5NF7L5sIEEjk0WDou/HVfXet2Z.OAOUnRX2L7AHI2Z3ET8w6,915-533-3031,1
784,"Cynthie Maunder",$2a$04$OohjGHQnXmzkMUdqyciyZ.a77ffIxT.GOTqAkBXuj69Wnss6.wNtm,438-828-8976,0
785,"Ferd Sandle",$2a$04$JNKb6aVfu3xuLgZxLp0VhOz6nLXz911ODtbGYspY.J7PaZK4XM9aG,826-854-2063,1
786,"Morley Keynes",$2a$04$mVD6pK1Ivd2qnrkbmo5dLejzGSZbXTXsvrUg1ZSY8/FATffF0r20i,309-499-4981,0
787,"Rosie Gourlie",$2a$04$Tf/3dipJ1d4U6ZlILdIfDO83pKTKeX8HroUV.J2DoCjDI66eJqdfm,817-190-5429,0
788,"Kayle Baynham",$2a$04$89vaD9jR/DMS7cKFRMdIluqLpP8iVtD42woHb2SIbQiK7451ML6n6,175-733-7591,1
789,"Urbano Glassup",$2a$04$LYPBSHmFUQRUMbmpWM3UGeU89avpJyNnLbVjRVhUsh2CGJ30tbRwG,881-677-6389,1
790,"Bradney Jest",$2a$04$4umGgLz.TpGoa6F/LqIStuNTQ0cfquaJybau3RjhWyPFij.TGVwfW,572-394-2515,1
791,"Giavani Grumley",$2a$04$vm7Hp4VsNHNS2TRWCVsMreOMsEMuR3v4iO955IUiqMmg3jM3lqPpa,119-436-6676,1
792,"Kaycee Spicer",$2a$04$P2.h595K4fHsibeTwvjAU./iYHrc9/39qDmKePRWDYGfKAX.BXvG6,801-117-8508,1
793,"Sarita Woodhouse",$2a$04$kmEMMLdYCPFfgGi81T7VauC4LS89EXyFMA0tsD/MJITscGi9F/h3m,139-361-8859,0
794,"Rollin Emmer",$2a$04$lBKscQYA.ijmDy9ega6XpuTiAu8MOnyC5Q9ZZdeAF31iR7MUEHDsG,373-668-5689,1
795,"Catha Tedstone",$2a$04$xklhQg9RyOZBQi1aHB/n0OZhOXe1GLbgnsQW.e7DwPZvZEQ2wkW4W,770-625-4059,1
796,"Linoel Luipold",$2a$04$/laqNiLhxbmLRVKO.XCii.HrEQ.n3LOGairyCaQOUMu5a/sTQy75y,436-616-3217,1
797,"Rozelle Lidgard",$2a$04$bOKP1PeVzYm8FOZnvsdjh.VWDme./bkilXpfLUKgLS5VOLGAlP/Fy,210-826-4484,1
798,"Fons Fowells",$2a$04$ct/1cv3d8vFws6ZR0s/1POchakymd6pVPUgcvK/.UMAHpxt.iP/mW,669-253-8311,0
799,"Gibbie Luquet",$2a$04$pm8.U5YKtvXU/qUzjQwUK.ywtVL0uWSawyli8D5KaxcPQV3vzct4S,569-602-8365,1
800,"Noella Wennam",$2a$04$aKoBLsLqTqnFUBDFhsodUOD4O9dSYHfXExQpV2kO7r18L7zlaHXCe,403-461-6029,1
801,"Idelle Londsdale",$2a$04$kh4hFShrOzL3SfyxyUmNDu7Qw8FV2Rzg0tfP5k3bO2VZs4FeDF0iS,714-500-3703,1
802,"Lindie Ternent",$2a$04$0ck3VSzTxvQso/RtS9R67.pvmvr0awZSOFD5I8Xd3eXlR4s/aid/y,889-627-2316,1
803,"Barbee Padwick",$2a$04$mIU1BJ6OygEH5H6qH0XiB.c2mbU/E60SJvZc.oT9/ml5Jr25cIKf6,511-740-7848,0
804,"Kissee Tilberry",$2a$04$G6ucF5ksR813JmRm1Imlguo/e2DF2.7NPtRAcc6QWidkLl1D3MZjm,695-923-4448,1
805,"Aliza Courtes",$2a$04$HbBPRzjIQclvmHvLu9KU0eBmRzSejfGfnHH1Hxiz/gVhYoWhqqj4u,988-837-1375,1
806,"Marlin Batcock",$2a$04$sDitQMAkjFBZBFhvqKT23eD/NAy5A0xVbxJr3SD700cSM/0hQpDna,542-867-1777,1
807,"Lancelot Collingridge",$2a$04$x1Micx0GTygcjXr..PSnX.pMV7SZd5nVfUp12yxVvFN6VU7CtjPRS,373-661-5127,0
808,"Carolina Figgess",$2a$04$AGN/QMTshN9s0ra4kv8FEu1Zelkjxd0o90LX22tm7qN6VIGB5e5NO,623-738-7165,1
809,"Binny Ivatts",$2a$04$LSca3AjGJT35ZFvTWzeCKuttlkM/Ur8bwNHfl7x1Soqi2VLU.rrAC,501-433-8010,1
810,"Mirabella Zanettini",$2a$04$QE/kBWSqVFFKXRwd9ACxeefjolnnjtmNWYgwtL5RlR2jnMz27pgky,741-211-5738,1
811,"Indira Fetteplace",$2a$04$IGJ.Ax6l.WN2i0RJnh8a4uMdliSzz3Jy/b.1LbIMo6AfX4J63PltS,450-311-7634,0
812,"Ingmar Cherry",$2a$04$pZzz4HHkF0uywkQidtPb6O2uNAsL6tKsE1XcB8GEAAQ.fqlFZSjK6,712-943-0243,1
813,"Lamar Basili",$2a$04$sgDFdwivwLaHNwLf99gPkuRQ2whmLc.GWybWdoGL4iECbRTI95xKG,298-592-3425,1
814,"Kissiah Midden",$2a$04$znVNYjTEWzKLWbfSe.TJ0.BJLXL5o16N8PqGBK7WivsefPH1ivQXG,260-855-4538,1
815,"Hermione Silverton",$2a$04$2/a/A/m/Q88YuZfK2/eQnesflfr4eMuR6KuchwpmoGsV2cxDjHVo2,399-256-6935,0
816,"Kristel Hindsberg",$2a$04$7FV6YFQaT8ZB0nnelYtCGeJVZvV8qIjjVfWm1Y0QPP6QI9f3LMsWy,395-205-8765,0
817,"Pris Thorneley",$2a$04$tZYpORZZqSiGT7I82uuVQeNp20TYoht9edyozDIaZVa3GZRJmnPhS,977-694-3211,0
818,"Mano Delicate",$2a$04$I8n5TRBnn3THtym98WQy0.MGsYHOrqYxsw7TtS5H9J8cMz1d2aqiS,148-237-2595,1
819,"Danell McClifferty",$2a$04$jKwKCiCHYZQSo9JsenU.WOKZdyCsK9ToLkeIOaB0tv112kYcJu1Qi,870-931-8734,0
820,"Linn Cairns",$2a$04$RIbX02doHcfy8XXNKYV1NOmTtjWQL2RV0q7PxBDlof61Co2sbzoWC,802-257-0301,1
821,"Lorraine Gibling",$2a$04$dUrSqDJEwie7PGHhAWuJhedxg30KNkbsS28tPa4LVybn5jcTeJRcS,902-471-0846,0
822,"Darcee Crux",$2a$04$3KtZMdOlutTp4QWlEq8kS.uLrTvOHRwGxR5Y7MBRx.7snonFng4qC,504-129-0985,1
823,"Rhett Postill",$2a$04$yDhWvXHQLhy1eZYldyjqX.2B21H8TH./HSfrGysTwx4RJDiYPkFkm,422-828-7738,1
824,"Pat Hellard",$2a$04$nDG7UnTktKxZl6PTy.qsEOTNOvmOAhK284vPmUWjn1KLOzWadNJsu,552-622-9435,1
825,"Steffi Bolstridge",$2a$04$pNhQNOHBWAKulf2SZ7U9A.XUtDfJQXGZqtrrG5KdxSrrPeWnefbXS,498-669-4090,1
826,"Bidget Rockwill",$2a$04$RJz3XFwZuruomVUZ/3nfpeD20HXAMJAXHmcGdhjkHClArz415Qz7i,191-950-4755,1
827,"Silvester Meeus",$2a$04$UF1w2Jc3470XjHeG4UoSq.Zm9XIIMxzhyZblM3pCx/b1L6Dl6/kYy,820-574-8169,0
828,"Dalenna Briggs",$2a$04$wVyzdBMdw9engcVKUOSc2uCNHWJ34mglJdI/z15TWgC16ln02u2Se,600-562-3658,0
829,"Janeczka Fold",$2a$04$pJnc.WGcd4kLQ7h4EvcY/OaepWYwtOrmB33Rm8bft6t9IvvVZ0CXm,887-358-2949,1
830,"Willette Zannotti",$2a$04$/fQOoHX7NgVqxA073gChJuAmt9FJ7xHL90iBvweSZdo64fusrYiCC,889-858-8860,0
831,"Buckie Hoble",$2a$04$qTxYhGvvCt4ohz00PS89Je07arsHoWE/pRyKBCUuPAjJloHZ/TO4S,506-284-3741,1
832,"Kelly Ashborn",$2a$04$pdUJo.JI272/D4Ncv6LSVevCUyYp2ycs6MJraqDtOwrbIVfB/3uJe,221-683-7600,0
833,"Osgood Shawel",$2a$04$T1E4Ys1FfkySrcfSaGstIuoDDLOi2dnlkaCUsZgeJXzgJZK1pzjJK,127-731-0864,1
834,"Nerissa Castagnet",$2a$04$2FAkPxJDlz.vr.ux2Dp8sON/Ib6zRPhgncASiTlMC6w1lEF9nxp8y,817-821-6727,1
835,"Cam Poulter",$2a$04$g5VnD8M6.0.Kf1K5WvdDqexHaNCw5JCMiZb0rpk4ikyljPUXpX7ES,551-702-4899,0
836,"Cherice Rames",$2a$04$JqKjUgCMxNgE8Y0mC8q9OuamAxGrXpAmFXZiF7pHdcRXOOv.4e5VK,800-783-8662,1
837,"Byram Noyes",$2a$04$3jUqrgS7ymuGivpGz5C2ZOqqT4G29mHqoXznRXExgjHhFHm6CwUhu,867-659-6020,1
838,"Yardley Boyle",$2a$04$VxHFfKa3Uv/hsb4HLV8tUe5aMPvkqgZ.eY0oYwhotWfrPOdnuWSgC,406-559-5583,1
839,"Clarisse Thirlaway",$2a$04$LA6mAAgSU.RyJKnhUXLP8erAzts8X2DFsiA81GrkCZeqjoSMNEpLe,257-315-1168,0
840,"Nerty Attaway",$2a$04$wWrI444yRv9xuaQEj1.C6.yLz8WL5mdwmuGtx3b/cdPRgYDPcGX6a,516-991-6153,1
841,"Marlena Dalyell",$2a$04$UZJK/zuPmMCgwgNch7mN7.3sQHAn0tM5RJiNeon4jKOPEVPgCMcn.,289-417-7457,0
842,"Lothaire Lillicrap",$2a$04$UwWu9IIthhTZBaQH5kmUk.MMyah1xLegPJ6ajxbAyr3P5nDHhhhXy,420-596-1770,1
843,"Codi McNab",$2a$04$DP7kbMAxONotuL2dceIS.ORE558bfzRgT3E48idyVT84FFwj4bxL.,434-711-1801,0
844,"Cathrine Innwood",$2a$04$PGU57eD1orrnJAUXS190b.CSoPk9U5OQLhxg32ot/SFclGP.vpys2,900-710-8900,1
845,"Antoinette Heart",$2a$04$eNWNUQRnuutw5SvEdB.iee/OtOabYSTgZDrUgSLZM/pmn7g5c61wG,155-335-1164,0
846,"Rhonda Bigland",$2a$04$v8jMkSGmSBo7WuqxeE4dGuMKNK0ojGbAjQKsmQnLjlcqnEO2ioiQO,664-620-6911,0
847,"Tricia Kirsopp",$2a$04$C4OMpaynmUUltwox.AbDHetaervME9ggTz4K3QuxfAZgI6tULyvXe,808-412-3565,1
848,"Marcie Tripney",$2a$04$5e/x8bN1zaaskQzPu0CqRetw1U3339xKXqzyIWHBfzq7prWnv.5zW,959-731-1265,1
849,"Nadia Samme",$2a$04$wdPFXp/j46q5KruoGv59LuyZ7hbmaFx8dHEG7Op6N/wk3NpyjHPVC,142-938-0216,1
850,"Urbain Torvey",$2a$04$qygALQ2joRcw9723FUgIz.cDWpMZXkXqL3VE86ve1xGM6UC55lcWC,487-127-3016,1
851,"Ashley Avraam",$2a$04$.divtVDSnzHVo3.jaHxo8uW8FRIBAm7ecAnuuJpxbBqVGadBO91B6,912-976-9948,0
852,"Urbano Kastel",$2a$04$BbRBy9MKEZLHBEM7NbOE1OOT1sUGV1C6tqBz17isLadtnA3tClZle,832-927-4474,0
853,"Maurizia Cashman",$2a$04$6iIVkhWNTumaWHDxsRuXrO6jh1uuO30WFKzQ7fYvnaM1OSlQ4R2F2,455-914-5153,0
854,"Fredrick Vasenin",$2a$04$Cz.vZF5reVuDX5AbTv5Qm.UtG6iW6h1LkLLJK9SG2AHAKX4ObFXJ2,620-620-1672,1
855,"Denney Le Pruvost",$2a$04$81asXJXpMT6TOVoS0h2jGu4Fkx85/vcIv/XittJ46HoIEkRkLeGli,720-769-7705,0
856,"Danny Heintz",$2a$04$4nWZ2lKNZ2T.XTSv8uXORu40oi9/AuH6Mwow3geAv/F8PsZMrabVK,758-736-0972,1
857,"Cesaro Lyard",$2a$04$98NJZF.sQff/WJqALolMbuG.YDBLtwTf.vLm438pQ3vtTFb2soIVu,832-448-6969,0
858,"Kipp Hinrichs",$2a$04$HNVcJZLheeDp/ts7xp9u9uVcVOU8mGqy4p7HOhRvlVSl3jEWPEhE2,162-986-9182,0
859,"Jandy Bruckental",$2a$04$l86XOIm2PihGV8X1iB6BE.p0dtIQOiGLksiaYd7Dpxno6OjIqYqB2,510-339-5099,0
860,"Pembroke Seymark",$2a$04$tiY7qZS4moSK.NSXNxyQGOG3nzJL.1TJ69ZRojG5Vqmy2ag0LHP2G,241-550-6742,0
861,"Kimble Rookesby",$2a$04$ajS4RlqpKowXchcp2bOozeEK2/v0Dhclo1/0I1YHIGjEKBHVlwfVi,149-181-0833,0
862,"Raul Spenley",$2a$04$3yxDHLZTzWdJTNV/O1ZYAOT04y3CqDZK3mmXm3Nt.V3HjLWNH0Wry,916-591-3552,1
863,"Beverley Abrahamovitz",$2a$04$NXgGORst02faHVg8evesReC1tqGIhLe4u7zRfhaKxyy6LixgqFQX6,665-768-2280,1
864,"Bernetta Botterell",$2a$04$Wksvmu1NTB6v6BorOP2fe.OqQx4BMtYHOMTZ7vetxSSFCrFOMXfqe,129-580-6024,0
865,"Patricio Bullar",$2a$04$82F1vWw.js87M60iqmYsnOaQibF1YdsAkTbQFi0NNgLztCy96u7la,255-226-6767,1
866,"Lurlene Shilladay",$2a$04$PDDZaBPNM8zAozGFhX8TW.jZvcmUOMfz10kxlIFM3bR2oe.tM96gO,769-536-5698,1
867,"Hank Youster",$2a$04$1yjWg2KpuPArVaWWcV7pte6VIkF64HD/m3tA82lgTgILHtcNQH1E2,175-321-8427,0
868,"Hunt Philippet",$2a$04$mx7DXWwoBr86kBF593q.I.cm0zBarj4aq5ghL8ikIE1V2h.Vvj6F2,389-356-6663,1
869,"Fredia Bassford",$2a$04$SMtra1HtyijKZ7inRRTQYuUsRyGrFjePKLBhU3DjWnH6coP3sZD2C,254-584-7755,0
870,"Abbot Pakes",$2a$04$Im/H5rffhFGs2ACzOeL0nO7cj0YOkvP2DpUMRUZTqwIVyEWk3ZIB6,106-310-9998,0
871,"Colleen Morefield",$2a$04$JzjIG4qkH3/LYpKhK6XM3.vg4ZaoXa/c38yY5pyTu2zfVcWKo1BxS,951-111-7450,1
872,"Gabriel Rustadge",$2a$04$ho7tLXg88N3m4v7fxM4zGezNoL2k2yegzAs/UwuWzoyzRMbmp2cy6,719-417-8674,1
873,"Jameson Cowdray",$2a$04$MpP5BjfbV6JVChKnYgl/0eq7o7QcPKd0X.H8uyWr1gYk2oZOU0STm,115-207-3115,0
874,"Wilmar Bouette",$2a$04$CTC90NXLmOG7Cq6EXpNWquNVw/y8o4y0t5FTrUaztl/bVaTY9GuIa,599-470-3910,0
875,"Kev Higgan",$2a$04$QS.wdtb/Q9d3UYgf2MlxsuSVFUFSeSMyFVhL66XB6nmnhA7Butfpi,844-641-9706,0
876,"Daile Emma",$2a$04$tIvNNFpGSJBtqGYk2fUrSuhry6f4WD2982NC1uBDy3dhnOJJlhImi,828-578-0366,0
877,"Brunhilde Frye",$2a$04$LO8RuFnFtyk9CILjQsB6aeyLlwi16lgrBcwnv/yEkuVwmK.Kt4MxC,276-931-8359,1
878,"Gwenneth Cesaric",$2a$04$Jw6lEJeWBz0aqhGhw1t5EeY4skZVm1GsyiQ3tJjl4O6Ytj1Nd9e6K,983-950-4888,1
879,"Harry Caulder",$2a$04$QWVOkuptKfIFBpKu6/loPuIZ0huQMcbPeSiVlIuhaHDWRtqBaBqsC,568-389-8235,1
880,"Nikos Bahia",$2a$04$cSvi/uA6nZmdIdtzstW8NO5g4vMBpm4.rJILI.yGE3hQj9xZufpzu,342-391-0803,1
881,"Linnie Nugent",$2a$04$50aZhlVDcoanL.oRlJh1TOy8PxXcX7X1tK02vE1rdFuKBvq835y3.,633-340-2885,1
882,"Rolland Smeaton",$2a$04$24fBCNkH6vbNllglkyXNRO7Kv4uoMOaVi1VomCpOywjue4RkIhxJO,598-432-4794,0
883,"Hymie Birchett",$2a$04$mKoF.oQIrnc9J/nJjkhxKutZnz6mjNBI2R01IpMnMh4d6nZBmzifm,813-781-4240,0
884,"Cammie Coniff",$2a$04$pFfK2FfZU1C1qyYy9ofxzuLKmO2CcQVOOvfos8.H7cc3wHK1rrY4u,813-131-4425,1
885,"Aloin Vasyanin",$2a$04$6TjJkbu/1JjNMilwTHj/5exD1bWsa6Cgp2P82p8ob.ck74MiJ9ZFG,796-133-3276,1
886,"Wenona Joseph",$2a$04$c8LIkF3qLFb6fnejLQsRb.PYsvTWl7/3a1b3m4OMSPpgipn.tqBNq,708-199-2519,1
887,"Irvin Le Lievre",$2a$04$jUnlDdeuobAIXzVTWUE8yuF/c/4/oQ8RzURYp2I8ZyssgkZSeK3Xm,665-472-8796,0
888,"Nikki Hutcheson",$2a$04$SQzddY1aNBNsvlCXcnmAauAI7vpWr3kY45iobidCqRRTBmzX3cjXa,854-491-0587,0
889,"Micky Silverwood",$2a$04$6HYJtIAl/IcqefSrxXTGwekBsay3dR38TnXvMfKCHMft2HCIGGXmi,942-618-1843,0
890,"Menard Tucker",$2a$04$uVDkm8joWcgMloOFGb8Adefgguqzw591EovbGP00ih9LkgJbw.Gwa,211-227-5192,0
891,"Paco Sicha",$2a$04$UEPPCLziWSBhv9Tv3BB4tOXqudA/6qHbhwkKGkYgWqnJ9dteTLUBq,790-699-1438,1
892,"Alis Jeduch",$2a$04$x2rSzRyAzObknxoanKXxf.1nh7uS.zouEukln9mtZ2lUlUNW990.q,892-401-5667,1
893,"Codie Gillies",$2a$04$X4i4dqTXTYNQmlrwcvIiU.4Z4UFjG6U3sz5R.fylC53BkZIBJNFnq,747-572-5858,0
894,"Bethany Hebblethwaite",$2a$04$lsmcliCODdNxd9BkCx7hIOm1.h3Jw1UeqH9hX7w852n5BJJa75qtG,582-119-8760,1
895,"Xylia Andrzejowski",$2a$04$GexCnPZjlAxzMAXDRJm//OR8kY8Yqcc5ciEsp0.GFjSRYRSKK45Ha,870-524-9739,0
896,"Alecia Bissatt",$2a$04$TfKk6x0LtqbPFnpZenS5Ru9DWn292WwmwY0mcOWvkgBB09pERpz3O,951-365-4993,1
897,"Bettye Millimoe",$2a$04$gudYroYA8hazdJI750F/Nu/8FY/k7mQigY.bZqP7KpHSiDNIcUvXO,531-766-9229,0
898,"Torrance Gownge",$2a$04$Aq6/UyogwEwr2tNAGhWyY.3kn.E5ACVSz6pzv0Nvm70Lzv0qKyGPK,614-667-4777,0
899,"Bryanty Chamberlayne",$2a$04$T6ARJw/Ck9dpx.qXJ1gfj.33geTsWLgGEWU4R2E9228RpGyf/O3rG,713-468-8855,1
900,"Thibaud Rattery",$2a$04$3.L44ohprOJkorVr26XQeO2rTOmHN1wX.qKME.wy9SaID.AVWHmkm,746-418-9519,0
901,"Damaris Serrurier",$2a$04$ERQoh4E.KqPHigv6CNaOY.x5gdIVoDDxGD4gcwMVEOmxkrE5u/bDq,214-469-2734,1
902,"Wendall Chivrall",$2a$04$IevE80ql5wwHm/V0hjsv7OTFGfJ/YlnuqNSVG/QHmCSnwkVQXKJdy,984-831-0767,1
903,"Carolina Sweett",$2a$04$lkxMllhwaoxNhEyC.gaAUe/LpIGuqmZZNLOpevbeAH6NFhqT2vAP2,619-399-7281,1
904,"Thedrick Howley",$2a$04$XnHp1.vsRkrVpGpCbaASTe47k5ZRejjAFpXpKEE.YtUzmZxsdYdR2,498-302-5962,0
905,"Marlyn Gibard",$2a$04$fYfUugfLuSFSTxIhRh7AQekKyyVdYCtXO6QH/33aTyE9668LxvqUy,598-411-4281,0
906,"Boy Rahlof",$2a$04$.KXibshykwFtaPzIda5vNO6oaD1CA0KPMT44s0Itj9Kige/d7tSZK,805-948-6178,1
907,"Tandie MacMenemy",$2a$04$Yri7svpQZY6xRArq0WBLnu6ihDirFN9noVT8eBFCj2.K3VSTo/9nq,658-656-0530,1
908,"Alana Luce",$2a$04$gtG8bwO3f8DZTeQm8QAGzu0tt3d.dKaaMdbHl8TnKjIXzKHQjk8xG,733-297-0373,0
909,"Joycelin Goforth",$2a$04$So2aUEYqAPZZZuVcgGT4s.m8Jp4G8/1n/UcizV7kXzh9.OvbIpd2W,549-630-7798,1
910,"Simonne Chaplyn",$2a$04$u5nyik49GDLAzI3VlTLFxuZrTxCWMIpEuZElJvoEHpsQp1YCwpfHm,545-247-2804,0
911,"Hadria Seaking",$2a$04$jSfcyDdHnXSnMknrTzzsf.8xYvi4YGUUGoPJkjKiQCatIgwnrgLKy,993-813-3705,0
912,"Kalie Wardrope",$2a$04$F4mCV01nx52KJCQ46AwjTujQT/GC43fwx7J48zZREs49UDWHR5xO2,318-867-6612,0
913,"Fredra Mantione",$2a$04$k71KqhYHsdy5vk9lsRmdSe4Abv.uIrPcWDDqwd.m0Psg4px6hCnnu,442-367-8212,1
914,"Robina Davidde",$2a$04$W4g3YJkQuaEE59Xxl3WXHeLXGQOG1D0FMsgnOcZBO89714HB/Ni5G,148-441-8132,0
915,"Holly-anne Dablin",$2a$04$tdOUZW.S44uk.EelEUpvyOxsYO6YNMx8Li17jwWcEQc5AVB72Dw6W,729-653-4604,1
916,"Devi Bassingden",$2a$04$LL.jyfpP13EYoYPuV3X7RO8E8uw/NaSWcL9bz7L7Qf5Tpse3AuRXG,744-634-3508,1
917,"Mark Cowton",$2a$04$xbiJf/MA5HFA3HEdWJgb6.xagTyMz8rLInYvxppJKEoBGfRMZpNGG,508-687-3153,0
918,"Bondon Meaden",$2a$04$L8UXt2LRbuKd3FZAuftdUeU1myQqr5i.zYZ26AH73sMGKg7JL5UPe,925-901-2674,1
919,"Jessalin Tinton",$2a$04$ZE/l8Gvv3dO9T2JEolxwfe4.se0DmjKuk97p4rpaZykpvtuvtPOEe,925-703-9511,0
920,"Theodor Altree",$2a$04$.Dvojriq1OtkuNpuwpec7O1bGkyLw0qm0JSX5GNNjDSL1/A0j9SbK,792-228-6882,0
921,"Marijo Coules",$2a$04$kbxypDQ6ihr9zcs3f/mKf.DrkbmgkoxMWST5IcnkizemeklxqTpr.,844-914-5186,1
922,"Emelda Hexter",$2a$04$naCCBnRNTZ5VvRpV9qSkO.C7YBv0ERg5ncV8CDFx2naw2llLkhiL.,741-532-6663,1
923,"Hagen MacDunlevy",$2a$04$nkedbU/yG7oJJ9z0FQ1UE.GmPML83qwTYY3TXSBKD7y8OKYiP0MiW,327-302-2391,1
924,"Benton Pothbury",$2a$04$9OpUMEa/pyrglTaBmVhOV.VPDZJKE5zbPHi3IqowCTdQ5hMXI0it6,191-194-6460,1
925,"Claiborn Sole",$2a$04$tGdXP9XqCXNe7TdOWUek0OWQP/ZIZdwTVhr9OULUQAcew50.IZyq2,425-614-9949,0
926,"Gaelan Riveles",$2a$04$peb5a7utPfmZuhotiJtmhOROvVcnFQehg.j/wR9m6jSFCI1HIyZee,687-670-2372,1
927,"Shelli Springer",$2a$04$PXOQjmr4HO7WUE5m50AEDeJghmn8PlC5hPQi1HzpcveAPgBAt.dEW,510-306-6471,1
928,"Elianore Meiner",$2a$04$aTfzGXJa7bivbAIknEnqOOhuuTfaG1XEuMfX8MZrFNosqscb9WnA2,708-349-6962,0
929,"Zacherie Iglesia",$2a$04$1.94pN.3x2a7xGDKtQA59eY/Sa8Li8VhzZT8u6GX4HHgeWY2ig77y,815-298-4378,0
930,"Hinda Sisson",$2a$04$GYRlBN3Q/pduGXmwtLe2T.K2fZClo6OPROUo0Un8SrQBKe7vRWWnu,224-852-6761,1
931,"Amanda Drewitt",$2a$04$K4W5HH/x7gD3vSnE/XrctOiqog/pbxmlDHYe0a5nXEJj/3u0v7rfO,591-333-9471,1
932,"Kristian Humpatch",$2a$04$qubYDVrub11MILxnYaYxiuvVR.9twLaPxYLSeKWWwOpW2.xZ7nFZe,239-142-8167,0
933,"Cherri Sharpley",$2a$04$N2tcFvliWlm9yL4yguMnqun8tUBA3LLlgmIkln29mPuOGwmyNRHdy,197-422-8789,1
934,"Dennet Shoulder",$2a$04$EkBn1VWBHT1x0j1bImwMVOREHO2TY5SFtEAMcnZ5e8qiDGgMxuwqK,650-759-8025,0
935,"Esmeralda Ordidge",$2a$04$kSW6IRAwfRkJ1h3kU71zbuGRuGytbRJ8Qv8f8DEwQvS7ynu8UlNOO,167-601-8836,1
936,"Alvan Lamperd",$2a$04$r1EcXdQz58GqNR6SXo9r2OP1Z23yWcC/IExOMNuOKjSvqSrPJ2xUK,552-543-7169,1
937,"Wilhelmine Perceval",$2a$04$1AlL9v6RGfJozO3myMEpleOZfbiCxOCEaJfSbOFAbJaaewh/BzOXq,507-797-8231,0
938,"Daisy Quiney",$2a$04$dA0jh/h3INbVy9BaIe4Fhe2s7bgkA8gUYJtwAX0373RtSQqFmmdFm,280-993-2005,1
939,"Kelby Crasswell",$2a$04$bogyQXd4cvorPirlfcZ1iuPgm1JutORFRipzBCsqszkZonmlY4Asu,290-483-3573,0
940,"Kamilah Jentges",$2a$04$1T529gRtZHw9gisgYY/6Juv4Nt/r/Rma.zCrXotNX9SZDQoEWSobG,413-793-5947,0
941,"Lissa Wong",$2a$04$nWMCK7/uGaUKPH4RBvAu1uh2uQ5p0nCrxwOV.cfUGELHtHEKOOZom,404-384-0192,0
942,"Harlin Cardero",$2a$04$3Lz4XEuQ95k1A7gme04zMeqNc0Kxd54QtFDjU0xblFgeElGqlj/FW,117-111-0780,1
943,"Fanechka Fairfoull",$2a$04$.r5o9tyBsKwarssj7r3pPuNj6JXyBD5U.4.nPCW8Sy1G4Tg1790eK,406-367-6648,0
944,"Beaufort Vel",$2a$04$MbbVAoBl/aNwrccsEUlMLOYFr9uvGJRDa41eKzMz5I/Bc78Q.GyNq,767-622-1654,0
945,"Amii Pohlak",$2a$04$bmOx1BK5MsPRVrWgqtPAwe9oQgMMWaeQbqVspI42UhTuTY9oRXPV6,828-354-6529,1
946,"Darryl Franzini",$2a$04$DrUk6sfr71LT4Ubikowkn.cjJ.Zb1/nXPZ.xv2qeXisq9zt.0BX7m,587-349-4704,0
947,"Phillida Bigham",$2a$04$GebkNYd2YgZe8KRXZ8JQq.L/fHDFqwOtNwzoZ0XBGDZlVuMjNEg6y,658-908-8054,0
948,"Nikita Bebb",$2a$04$yZGHh7sGFPxs9xP9GRuyUOxtYfvK3HevHb6BuoAVs1gnmxSLnoatm,344-163-7431,1
949,"Rozalin Creavin",$2a$04$p.jHy9YFgcPbdl1Ee6a8lOn.8rkE9oHtgr0f2AEcNIisetYA190m6,991-687-2064,0
950,"Angel Wardlow",$2a$04$2pdpQ4O3XQwUKUjZFva7l.iNTJ0UGy0.jsPZ0pXdMfnLOegKix8KC,883-965-0750,1
951,"Urbain Stoyle",$2a$04$CKqeDC1.dxvsot3TF1/F.OOT2fegVuqS/JgUgsNw9YEFL3CwuHihe,354-293-4238,1
952,"Granville Baurerich",$2a$04$sanz.fSTUySO6lVPnB72XuR3pz/lU0Saf/1VKj3kyRpwJL44.dQI2,119-678-9151,1
953,"Aggi Smitherham",$2a$04$uxur2XrFtDJXTxzZgOaMqu8QLRwIxsRPiM0xP1dSmTNw7cOFHEOxi,448-251-0665,0
954,"Kennedy Parsisson",$2a$04$chMpuypUxbSysu/rvMXQEu72Yu0IPVJEnsgqOjpq4Tcuf43NAJTxa,727-758-9697,0
955,"Nero Snowling",$2a$04$yxZfwjD05m2hcPgC0glAA.m1XwreUzCn1ar.kreajIp8sfmYtFWu.,717-763-3485,1
956,"Nadine McKeady",$2a$04$yf1x4vZu5i1x7IQYWPhpPO1sGjvm9ALSrPWF8uCXA19da4BgYgfre,615-826-9648,1
957,"Kalli Harhoff",$2a$04$r.PZyCzhL6TSAdOZzxnJke6ITVQ12uOczYQ8laPbt9zbFh9WN/Zxi,727-876-1039,1
958,"Maxine Barnish",$2a$04$iiOI6eFtfOySI5Nn3/Xz8uOSV6Kw2oNhcH9ecgRnagINOyMXQeuWK,952-361-4810,0
959,"Pieter McMylor",$2a$04$lCwtUudmHpONa34.FZxnxeP72VFepf1wrI107wOib3Lst9RxnHUPa,211-490-8187,0
960,"Karen Knifton",$2a$04$lpInmCGh72rzAo561WLBKul3QcM37.t9pHwlwI15JLS1sUhL7puAS,971-944-9113,1
961,"Catharina Piel",$2a$04$VxctaXquQURdJje7kMlQvukxcoz5g8.5icX0A3/q1BtUVrL9EW7Ge,490-285-9497,0
962,"Antonio Baike",$2a$04$UbWJxx/dolYPyEb1x7I8B.VCTBVysBw2lA6IVd51SpF06fYIA/plu,841-849-1687,0
963,"Hunfredo Ferrarello",$2a$04$yFwxc19gPJ06nC2hN4nNZOqBdoiFDQyNaA6.h4qMRkClh4YQ0WfDq,467-478-4221,0
964,"Floria Ferron",$2a$04$PvfZ20/r8HITWBrKyKRyiO6yO4YGS04HGOVpvzLnsJ04zsREdK2CW,260-565-8161,1
965,"Ogdon Girkins",$2a$04$MDbo1/8kS6HbemqymhpPp.TnNjEbidFGHJagO7Xyq17k.PEmb9bZW,916-906-0788,1
966,"Ardith Fiddiman",$2a$04$zFun3kcT6iDE3.15qfJgsejDi/jXLPhSVFLI23VrRxmo6fn1cgwTG,730-164-6593,0
967,"Rosene Duffie",$2a$04$HGxJcpD.N/Yqr2WwbzDKseiETY/hzhijipEBh2fJZ66SiBgIVFn6u,908-269-2059,1
968,"Wadsworth Figures",$2a$04$szpChz13IKhpbIZGGmWSYe0OOkZ3rvZcRyyIkJzVUsWHM0AU38u9a,172-183-2427,1
969,"Tito Brankley",$2a$04$fQGTT7k1kaSW8KaARXCE1uUTGaMOQ95GiYMYZb1O8vs2Gv3inphXS,802-180-9917,0
970,"Hagan Vearnals",$2a$04$rtOy8JLUcqsVUv2ftx6Z8OIyT.YZwvKieFNqQRV8cF20OzqfQ4WG6,347-780-9225,1
971,"Irene Greenly",$2a$04$0tE62qCttJe7syYczew1quHw/aI0/UvoWrJwiIpDBUchyFrLYNEX2,717-463-0668,1
972,"Gay Walby",$2a$04$daoBhiQc5OL8hxTSyFw3D.RvhcrJvvzQc677XajxESGo/dmE4px4i,396-489-2548,1
973,"Kimberley Kopps",$2a$04$5cDKxtG332d1SDBUPYAwteJZkE.iGsNiI/IZ/UGwifK/b2kJhdR4m,219-325-5899,0
974,"Alli Doncom",$2a$04$MbWc3oMJedr22NHvueAn5e7p/sKZ4Z0NguRdPe9AC6Y5ODBnNWAdi,136-645-3760,0
975,"Cassy Cirlos",$2a$04$FhZmZyAlMFGVFv2kvZX6KuqfH7aOa58qU1wzzbW/QiYfo2yFXc/8W,878-470-1579,0
976,"Emerson Ciani",$2a$04$fTr2w5Oczt3CF7AgmW0tWu5Wxdwjhxz1BUZTdQznATRnh9g6uTuFK,143-783-6591,1
977,"Rhianon Meneur",$2a$04$Ip.hFIzRY8J8CqrInk9msOpFv2Ltwa2t6BiZUpqbMwACrBq8oRrRi,861-892-8018,1
978,"Tadeas Pepperd",$2a$04$2sOY9KGNnGFYF3wAEF6dVObnPYcC/emqUNUavDXBkhFSgzoUyWCMS,123-303-4877,1
979,"Virginie Lunk",$2a$04$6FaSSYySdrZNSlFxWpU66uelg9vAa/wnEKlk3XEAwZNjvXd1bN2dG,426-199-0755,0
980,"Bernardine Wibrew",$2a$04$oOgIvqvV8dhkD0X7pwesje93xvzAeNJ/SWTeJ41ejqlk5INNnVaF6,377-310-0435,1
981,"Leta felip",$2a$04$x7DGs/dHv47H3Guf4FNFWuRNEbflsrRXEt/hIwwmxE7uZDJtO4bOW,150-436-1319,0
982,"Collete Robbs",$2a$04$e6FuoSwyq6pJj/Wx7k7XqOEjlEjpAf6xVael6yC9Cijb6vyHlRvoK,445-144-1768,1
983,"Miller Badby",$2a$04$tfE08Le7NUw.Zqs5rXQyru7itZxI9Yw/g42BNh4w27KnwrC9S7sAS,153-603-1024,0
984,"Ainslee Loveitt",$2a$04$MMWKJ/MW64zbxdKF2weE5.KFtSPAHHskCkHhQs.Y4kjvSq66hiD66,557-557-4345,1
985,"Niki Laurenz",$2a$04$KVndHQLXA.sSvftOBUx34.1JwWzztMDKt0ruIWIXWyCugHnfEc6zO,131-494-4201,1
986,"Camille Adkins",$2a$04$9U4ldz9IGfqvxAnGWs3WW.7tRGRxQs/PISgLy/9vdMxPTMDcsWXi.,759-663-5203,1
987,"Kenon Tomadoni",$2a$04$hbIav4VMBEVhP/eEbgziZ.l.EVUZZRs6s1KUiaj8aoZ.c.dkRsEuG,346-581-9363,0
988,"Judye Trank",$2a$04$LL498EmZlcUotRgCVJY6W.6LyLCE6w4SHWiRzQGwoA4LJhcSlU9i6,315-756-4032,0
989,"Winny Mixer",$2a$04$N5uIgVCFHbo/TijEVvs/w.PUnaAugoblF2HWg8ZoyqrXNjBY0cCNq,377-129-6431,1
990,"Gayle Easum",$2a$04$FclIaDSXWUXrtuxmS5XKFe/jTBLElikTs/fRDiQl7MU4ckII11A7a,831-171-9675,1
991,"Randy McIlmorow",$2a$04$exRjTTMDvNkMt3Y8IaPbOu5EpSwf3TZuku5UxceEGATSvFrCSolBe,559-675-6568,1
992,"Milka Smitton",$2a$04$iEs7hOxUfe/K.7jbA4jdgelICsGKtzzKlDdDxyDF9DYayAnb3zDZ2,606-719-0855,0
993,"Levey McKniely",$2a$04$tLSgR0mY6lrfeGgi0AevSObbYuKDCNXJeLqhtm.6qnehpFTtS/9He,872-287-5831,1
994,"Amble Coulthurst",$2a$04$EwTs19zEJML/zrBhsv6mheUbbOqshUiWIZCnlwwYzsrn4tMHs6KvK,103-541-6139,1
995,"Teena De Carlo",$2a$04$nXhZvSvaSHyUt/ifEVJGr.9hKLT1bj75Y8SLElr4jCdXzB6zt1rfS,138-401-1028,1
996,"Kit Ogus",$2a$04$KZdTUA0oTm4ErlkDBDfBVew6YZ3pthKvGTj9fM6DVmlRVN9A/ejki,992-918-8270,1
997,"Winna McDyer",$2a$04$eqnJYz8NC2pfMDqT91ugGuLIOP/Hm54RBf.9ktsAQs1VTOrJwagg6,664-795-4620,1
998,"Biddie Bartel",$2a$04$lRMGpbduO6e6/X1uJ.W3GuPT3Wzw0YX6TCHYgoFbVZtU4Uw1QHL/S,873-448-5139,1
999,"Chloris Flaunders",$2a$04$kRYnoXVHRqwqBiDl4zMYtO5mp0xdhZw51HAFxiwA4GCmsW.51ATmW,338-302-0925,0
1000,"Archy O'Harney",$2a$04$wYNhTiM0c/T0z3QQVznkK.3QjdpjTORjHqyF15qINYA6ogdwx.OvW,402-641-6774,1
